"transe_date","code","CommodityId","CommodityName","DistrictName","DistrictCode","Stock","CommodityStock","TotalStock"
"20160101","Region Name: J & K","02","Rice-Raw","JAMMU","NE12","272213.95","1260486.16239","1260486.16239"
"20160101","Region Name: J & K","02","Rice-Raw","SRINAGAR","NE13","988272.21239","1260486.16239","1260486.16239"
"20160102","Region Name: J & K","02","Rice-Raw","JAMMU","NE12","272213.95","1263201.86239","1263201.86239"
"20160102","Region Name: J & K","02","Rice-Raw","SRINAGAR","NE13","990987.91239","1263201.86239","1263201.86239"
"20160103","Region Name: J & K","02","Rice-Raw","JAMMU","NE12","272213.95","1263381.02239","1263381.02239"
"20160103","Region Name: J & K","02","Rice-Raw","SRINAGAR","NE13","991167.07239","1263381.02239","1263381.02239"
"20160104","Region Name: J & K","02","Rice-Raw","JAMMU","NE12","272213.95","1263526.52239","1263526.52239"
"20160104","Region Name: J & K","02","Rice-Raw","SRINAGAR","NE13","991312.57239","1263526.52239","1263526.52239"
"20160105","Region Name: J & K","02","Rice-Raw","JAMMU","NE12","273461.34","1260656.68239","1260656.68239"
"20160105","Region Name: J & K","02","Rice-Raw","SRINAGAR","NE13","987195.34239","1260656.68239","1260656.68239"
"20160106","Region Name: J & K","02","Rice-Raw","JAMMU","NE12","274213.01","1259436.81239","1259436.81239"
"20160106","Region Name: J & K","02","Rice-Raw","SRINAGAR","NE13","985223.80239","1259436.81239","1259436.81239"
"20160107","Region Name: J & K","02","Rice-Raw","JAMMU","NE12","302862.46","1290365.04239","1290365.04239"
"20160107","Region Name: J & K","02","Rice-Raw","SRINAGAR","NE13","987502.58239","1290365.04239","1290365.04239"
"20160108","Region Name: J & K","02","Rice-Raw","JAMMU","NE12","298633.78","1280235.89239","1280235.89239"
"20160108","Region Name: J & K","02","Rice-Raw","SRINAGAR","NE13","981602.11239","1280235.89239","1280235.89239"
"20160109","Region Name: J & K","02","Rice-Raw","JAMMU","NE12","298633.78","1271916.20239","1271916.20239"
"20160109","Region Name: J & K","02","Rice-Raw","SRINAGAR","NE13","973282.42239","1271916.20239","1271916.20239"
"20160110","Region Name: J & K","02","Rice-Raw","JAMMU","NE12","298633.78","1269287.26239","1269287.26239"
"20160110","Region Name: J & K","02","Rice-Raw","SRINAGAR","NE13","970653.48239","1269287.26239","1269287.26239"
"20160111","Region Name: J & K","02","Rice-Raw","JAMMU","NE12","307349.85","1272182.09239","1272182.09239"
"20160111","Region Name: J & K","02","Rice-Raw","SRINAGAR","NE13","964832.24239","1272182.09239","1272182.09239"
"20160112","Region Name: J & K","02","Rice-Raw","JAMMU","NE12","307349.85","1262141.43239","1262141.43239"
"20160112","Region Name: J & K","02","Rice-Raw","SRINAGAR","NE13","954791.58239","1262141.43239","1262141.43239"
"20160113","Region Name: J & K","02","Rice-Raw","JAMMU","NE12","307349.85","1255281.74239","1255281.74239"
"20160113","Region Name: J & K","02","Rice-Raw","SRINAGAR","NE13","947931.89239","1255281.74239","1255281.74239"
"20160114","Region Name: J & K","02","Rice-Raw","JAMMU","NE12","385805.25","1328833.31239","1328833.31239"
"20160114","Region Name: J & K","02","Rice-Raw","SRINAGAR","NE13","943028.06239","1328833.31239","1328833.31239"
"20160115","Region Name: J & K","02","Rice-Raw","JAMMU","NE12","385805.25","1322171.07239","1322171.07239"
"20160115","Region Name: J & K","02","Rice-Raw","SRINAGAR","NE13","936365.82239","1322171.07239","1322171.07239"
"20160116","Region Name: J & K","02","Rice-Raw","JAMMU","NE12","385805.25","1324375.87239","1324375.87239"
"20160116","Region Name: J & K","02","Rice-Raw","SRINAGAR","NE13","938570.62239","1324375.87239","1324375.87239"
"20160117","Region Name: J & K","02","Rice-Raw","JAMMU","NE12","385805.25","1324375.87239","1324375.87239"
"20160117","Region Name: J & K","02","Rice-Raw","SRINAGAR","NE13","938570.62239","1324375.87239","1324375.87239"
"20160118","Region Name: J & K","02","Rice-Raw","JAMMU","NE12","385805.25","1330904.47239","1330904.47239"
"20160118","Region Name: J & K","02","Rice-Raw","SRINAGAR","NE13","945099.22239","1330904.47239","1330904.47239"
"20160119","Region Name: J & K","02","Rice-Raw","JAMMU","NE12","385805.25","1337268.07239","1337268.07239"
"20160119","Region Name: J & K","02","Rice-Raw","SRINAGAR","NE13","951462.82239","1337268.07239","1337268.07239"
"20160120","Region Name: J & K","02","Rice-Raw","JAMMU","NE12","385805.25","1342128.20239","1342128.20239"
"20160120","Region Name: J & K","02","Rice-Raw","SRINAGAR","NE13","956322.95239","1342128.20239","1342128.20239"
"20160121","Region Name: J & K","02","Rice-Raw","JAMMU","NE12","371853.03","1332529.42239","1332529.42239"
"20160121","Region Name: J & K","02","Rice-Raw","SRINAGAR","NE13","960676.39239","1332529.42239","1332529.42239"
"20160122","Region Name: J & K","02","Rice-Raw","JAMMU","NE12","371853.03","1331908.81239","1331908.81239"
"20160122","Region Name: J & K","02","Rice-Raw","SRINAGAR","NE13","960055.78239","1331908.81239","1331908.81239"
"20160123","Region Name: J & K","02","Rice-Raw","JAMMU","NE12","371853.03","1331896.47239","1331896.47239"
"20160123","Region Name: J & K","02","Rice-Raw","SRINAGAR","NE13","960043.44239","1331896.47239","1331896.47239"
"20160124","Region Name: J & K","02","Rice-Raw","JAMMU","NE12","371853.03","1331457.46239","1331457.46239"
"20160124","Region Name: J & K","02","Rice-Raw","SRINAGAR","NE13","959604.43239","1331457.46239","1331457.46239"
"20160125","Region Name: J & K","02","Rice-Raw","JAMMU","NE12","371853.03","1337317.49239","1337317.49239"
"20160125","Region Name: J & K","02","Rice-Raw","SRINAGAR","NE13","965464.46239","1337317.49239","1337317.49239"
"20160126","Region Name: J & K","02","Rice-Raw","JAMMU","NE12","371853.03","1337317.49239","1337317.49239"
"20160126","Region Name: J & K","02","Rice-Raw","SRINAGAR","NE13","965464.46239","1337317.49239","1337317.49239"
"20160127","Region Name: J & K","02","Rice-Raw","JAMMU","NE12","378018.81","1339965.30239","1339965.30239"
"20160127","Region Name: J & K","02","Rice-Raw","SRINAGAR","NE13","961946.49239","1339965.30239","1339965.30239"
"20160128","Region Name: J & K","02","Rice-Raw","JAMMU","NE12","372289.35","1333354.03239","1333354.03239"
"20160128","Region Name: J & K","02","Rice-Raw","SRINAGAR","NE13","961064.68239","1333354.03239","1333354.03239"
"20160129","Region Name: J & K","02","Rice-Raw","JAMMU","NE12","372793.27","1335249.57239","1335249.57239"
"20160129","Region Name: J & K","02","Rice-Raw","SRINAGAR","NE13","962456.30239","1335249.57239","1335249.57239"
"20160130","Region Name: J & K","02","Rice-Raw","JAMMU","NE12","379805.59","1344883.05239","1344883.05239"
"20160130","Region Name: J & K","02","Rice-Raw","SRINAGAR","NE13","965077.46239","1344883.05239","1344883.05239"
"20160131","Region Name: J & K","02","Rice-Raw","JAMMU","NE12","379805.59","1344883.05239","1344883.05239"
"20160131","Region Name: J & K","02","Rice-Raw","SRINAGAR","NE13","965077.46239","1344883.05239","1344883.05239"
"20160101","Region Name: J & K","02","Rice-Raw","JAMMU","NE12","272213.95","1260486.16239","1260486.16239"
"20160101","Region Name: J & K","02","Rice-Raw","SRINAGAR","NE13","988272.21239","1260486.16239","1260486.16239"
"20160102","Region Name: J & K","02","Rice-Raw","JAMMU","NE12","272213.95","1263201.86239","1263201.86239"
"20160102","Region Name: J & K","02","Rice-Raw","SRINAGAR","NE13","990987.91239","1263201.86239","1263201.86239"
"20160103","Region Name: J & K","02","Rice-Raw","JAMMU","NE12","272213.95","1263381.02239","1263381.02239"
"20160103","Region Name: J & K","02","Rice-Raw","SRINAGAR","NE13","991167.07239","1263381.02239","1263381.02239"
"20160104","Region Name: J & K","02","Rice-Raw","JAMMU","NE12","272213.95","1263526.52239","1263526.52239"
"20160104","Region Name: J & K","02","Rice-Raw","SRINAGAR","NE13","991312.57239","1263526.52239","1263526.52239"
"20160105","Region Name: J & K","02","Rice-Raw","JAMMU","NE12","273461.34","1260656.68239","1260656.68239"
"20160105","Region Name: J & K","02","Rice-Raw","SRINAGAR","NE13","987195.34239","1260656.68239","1260656.68239"
"20160106","Region Name: J & K","02","Rice-Raw","JAMMU","NE12","274213.01","1259436.81239","1259436.81239"
"20160106","Region Name: J & K","02","Rice-Raw","SRINAGAR","NE13","985223.80239","1259436.81239","1259436.81239"
"20160107","Region Name: J & K","02","Rice-Raw","JAMMU","NE12","302862.46","1290365.04239","1290365.04239"
"20160107","Region Name: J & K","02","Rice-Raw","SRINAGAR","NE13","987502.58239","1290365.04239","1290365.04239"
"20160108","Region Name: J & K","02","Rice-Raw","JAMMU","NE12","298633.78","1280235.89239","1280235.89239"
"20160108","Region Name: J & K","02","Rice-Raw","SRINAGAR","NE13","981602.11239","1280235.89239","1280235.89239"
"20160109","Region Name: J & K","02","Rice-Raw","JAMMU","NE12","298633.78","1271916.20239","1271916.20239"
"20160109","Region Name: J & K","02","Rice-Raw","SRINAGAR","NE13","973282.42239","1271916.20239","1271916.20239"
"20160110","Region Name: J & K","02","Rice-Raw","JAMMU","NE12","298633.78","1269287.26239","1269287.26239"
"20160110","Region Name: J & K","02","Rice-Raw","SRINAGAR","NE13","970653.48239","1269287.26239","1269287.26239"
"20160111","Region Name: J & K","02","Rice-Raw","JAMMU","NE12","307349.85","1272182.09239","1272182.09239"
"20160111","Region Name: J & K","02","Rice-Raw","SRINAGAR","NE13","964832.24239","1272182.09239","1272182.09239"
"20160112","Region Name: J & K","02","Rice-Raw","JAMMU","NE12","307349.85","1262141.43239","1262141.43239"
"20160112","Region Name: J & K","02","Rice-Raw","SRINAGAR","NE13","954791.58239","1262141.43239","1262141.43239"
"20160113","Region Name: J & K","02","Rice-Raw","JAMMU","NE12","307349.85","1255281.74239","1255281.74239"
"20160113","Region Name: J & K","02","Rice-Raw","SRINAGAR","NE13","947931.89239","1255281.74239","1255281.74239"
"20160114","Region Name: J & K","02","Rice-Raw","JAMMU","NE12","385805.25","1328833.31239","1328833.31239"
"20160114","Region Name: J & K","02","Rice-Raw","SRINAGAR","NE13","943028.06239","1328833.31239","1328833.31239"
"20160115","Region Name: J & K","02","Rice-Raw","JAMMU","NE12","385805.25","1322171.07239","1322171.07239"
"20160115","Region Name: J & K","02","Rice-Raw","SRINAGAR","NE13","936365.82239","1322171.07239","1322171.07239"
"20160116","Region Name: J & K","02","Rice-Raw","JAMMU","NE12","385805.25","1324375.87239","1324375.87239"
"20160116","Region Name: J & K","02","Rice-Raw","SRINAGAR","NE13","938570.62239","1324375.87239","1324375.87239"
"20160117","Region Name: J & K","02","Rice-Raw","JAMMU","NE12","385805.25","1324375.87239","1324375.87239"
"20160117","Region Name: J & K","02","Rice-Raw","SRINAGAR","NE13","938570.62239","1324375.87239","1324375.87239"
"20160118","Region Name: J & K","02","Rice-Raw","JAMMU","NE12","385805.25","1330904.47239","1330904.47239"
"20160118","Region Name: J & K","02","Rice-Raw","SRINAGAR","NE13","945099.22239","1330904.47239","1330904.47239"
"20160119","Region Name: J & K","02","Rice-Raw","JAMMU","NE12","385805.25","1337268.07239","1337268.07239"
"20160119","Region Name: J & K","02","Rice-Raw","SRINAGAR","NE13","951462.82239","1337268.07239","1337268.07239"
"20160120","Region Name: J & K","02","Rice-Raw","JAMMU","NE12","385805.25","1342128.20239","1342128.20239"
"20160120","Region Name: J & K","02","Rice-Raw","SRINAGAR","NE13","956322.95239","1342128.20239","1342128.20239"
"20160121","Region Name: J & K","02","Rice-Raw","JAMMU","NE12","371853.03","1332529.42239","1332529.42239"
"20160121","Region Name: J & K","02","Rice-Raw","SRINAGAR","NE13","960676.39239","1332529.42239","1332529.42239"
"20160122","Region Name: J & K","02","Rice-Raw","JAMMU","NE12","371853.03","1331908.81239","1331908.81239"
"20160122","Region Name: J & K","02","Rice-Raw","SRINAGAR","NE13","960055.78239","1331908.81239","1331908.81239"
"20160123","Region Name: J & K","02","Rice-Raw","JAMMU","NE12","371853.03","1331896.47239","1331896.47239"
"20160123","Region Name: J & K","02","Rice-Raw","SRINAGAR","NE13","960043.44239","1331896.47239","1331896.47239"
"20160124","Region Name: J & K","02","Rice-Raw","JAMMU","NE12","371853.03","1331457.46239","1331457.46239"
"20160124","Region Name: J & K","02","Rice-Raw","SRINAGAR","NE13","959604.43239","1331457.46239","1331457.46239"
"20160125","Region Name: J & K","02","Rice-Raw","JAMMU","NE12","371853.03","1337317.49239","1337317.49239"
"20160125","Region Name: J & K","02","Rice-Raw","SRINAGAR","NE13","965464.46239","1337317.49239","1337317.49239"
"20160126","Region Name: J & K","02","Rice-Raw","JAMMU","NE12","371853.03","1337317.49239","1337317.49239"
"20160126","Region Name: J & K","02","Rice-Raw","SRINAGAR","NE13","965464.46239","1337317.49239","1337317.49239"
"20160127","Region Name: J & K","02","Rice-Raw","JAMMU","NE12","378018.81","1339965.30239","1339965.30239"
"20160127","Region Name: J & K","02","Rice-Raw","SRINAGAR","NE13","961946.49239","1339965.30239","1339965.30239"
"20160128","Region Name: J & K","02","Rice-Raw","JAMMU","NE12","372289.35","1333354.03239","1333354.03239"
"20160128","Region Name: J & K","02","Rice-Raw","SRINAGAR","NE13","961064.68239","1333354.03239","1333354.03239"
"20160129","Region Name: J & K","02","Rice-Raw","JAMMU","NE12","372793.27","1335249.57239","1335249.57239"
"20160129","Region Name: J & K","02","Rice-Raw","SRINAGAR","NE13","962456.30239","1335249.57239","1335249.57239"
"20160130","Region Name: J & K","02","Rice-Raw","JAMMU","NE12","379805.59","1344883.05239","1344883.05239"
"20160130","Region Name: J & K","02","Rice-Raw","SRINAGAR","NE13","965077.46239","1344883.05239","1344883.05239"
"20160131","Region Name: J & K","02","Rice-Raw","JAMMU","NE12","379805.59","1344883.05239","1344883.05239"
"20160131","Region Name: J & K","02","Rice-Raw","SRINAGAR","NE13","965077.46239","1344883.05239","1344883.05239"
"20160201","Region Name: J & K","02","Rice-Raw","JAMMU","NE12","379805.59","1350309.28239","1350309.28239"
"20160201","Region Name: J & K","02","Rice-Raw","SRINAGAR","NE13","970503.69239","1350309.28239","1350309.28239"
"20160202","Region Name: J & K","02","Rice-Raw","JAMMU","NE12","379805.59","1352081.17239","1352081.17239"
"20160202","Region Name: J & K","02","Rice-Raw","SRINAGAR","NE13","972275.58239","1352081.17239","1352081.17239"
"20160203","Region Name: J & K","02","Rice-Raw","JAMMU","NE12","379805.59","1352066.03239","1352066.03239"
"20160203","Region Name: J & K","02","Rice-Raw","SRINAGAR","NE13","972260.44239","1352066.03239","1352066.03239"
"20160204","Region Name: J & K","02","Rice-Raw","JAMMU","NE12","379805.59","1352967.39239","1352967.39239"
"20160204","Region Name: J & K","02","Rice-Raw","SRINAGAR","NE13","973161.80239","1352967.39239","1352967.39239"
"20160205","Region Name: J & K","02","Rice-Raw","JAMMU","NE12","379805.59","1353323.51239","1353323.51239"
"20160205","Region Name: J & K","02","Rice-Raw","SRINAGAR","NE13","973517.92239","1353323.51239","1353323.51239"
"20160206","Region Name: J & K","02","Rice-Raw","JAMMU","NE12","350300.06","1321400.04239","1321400.04239"
"20160206","Region Name: J & K","02","Rice-Raw","SRINAGAR","NE13","971099.98239","1321400.04239","1321400.04239"
"20160207","Region Name: J & K","02","Rice-Raw","JAMMU","NE12","350300.06","1320305.44239","1320305.44239"
"20160207","Region Name: J & K","02","Rice-Raw","SRINAGAR","NE13","970005.38239","1320305.44239","1320305.44239"
"20160208","Region Name: J & K","02","Rice-Raw","JAMMU","NE12","350300.06","1313590.41239","1313590.41239"
"20160208","Region Name: J & K","02","Rice-Raw","SRINAGAR","NE13","963290.35239","1313590.41239","1313590.41239"
"20160209","Region Name: J & K","02","Rice-Raw","JAMMU","NE12","350300.06","1314959.08239","1314959.08239"
"20160209","Region Name: J & K","02","Rice-Raw","SRINAGAR","NE13","964659.02239","1314959.08239","1314959.08239"
"20160210","Region Name: J & K","02","Rice-Raw","JAMMU","NE12","350300.06","1318780.20239","1318780.20239"
"20160210","Region Name: J & K","02","Rice-Raw","SRINAGAR","NE13","968480.14239","1318780.20239","1318780.20239"
"20160211","Region Name: J & K","02","Rice-Raw","JAMMU","NE12","353956.15","1323835.24239","1323835.24239"
"20160211","Region Name: J & K","02","Rice-Raw","SRINAGAR","NE13","969879.09239","1323835.24239","1323835.24239"
"20160212","Region Name: J & K","02","Rice-Raw","JAMMU","NE12","393564.07","1362763.20239","1362763.20239"
"20160212","Region Name: J & K","02","Rice-Raw","SRINAGAR","NE13","969199.13239","1362763.20239","1362763.20239"
"20160213","Region Name: J & K","02","Rice-Raw","JAMMU","NE12","393564.07","1366330.73239","1366330.73239"
"20160213","Region Name: J & K","02","Rice-Raw","SRINAGAR","NE13","972766.66239","1366330.73239","1366330.73239"
"20160214","Region Name: J & K","02","Rice-Raw","JAMMU","NE12","393564.07","1367134.01239","1367134.01239"
"20160214","Region Name: J & K","02","Rice-Raw","SRINAGAR","NE13","973569.94239","1367134.01239","1367134.01239"
"20160215","Region Name: J & K","02","Rice-Raw","JAMMU","NE12","393564.07","1368733.74239","1368733.74239"
"20160215","Region Name: J & K","02","Rice-Raw","SRINAGAR","NE13","975169.67239","1368733.74239","1368733.74239"
"20160216","Region Name: J & K","02","Rice-Raw","JAMMU","NE12","393564.07","1373097.68239","1373097.68239"
"20160216","Region Name: J & K","02","Rice-Raw","SRINAGAR","NE13","979533.61239","1373097.68239","1373097.68239"
"20160217","Region Name: J & K","02","Rice-Raw","JAMMU","NE12","393564.07","1374701.98239","1374701.98239"
"20160217","Region Name: J & K","02","Rice-Raw","SRINAGAR","NE13","981137.91239","1374701.98239","1374701.98239"
"20160218","Region Name: J & K","02","Rice-Raw","JAMMU","NE12","393564.07","1377813.79239","1377813.79239"
"20160218","Region Name: J & K","02","Rice-Raw","SRINAGAR","NE13","984249.72239","1377813.79239","1377813.79239"
"20160219","Region Name: J & K","02","Rice-Raw","JAMMU","NE12","393564.07","1381908.02239","1381908.02239"
"20160219","Region Name: J & K","02","Rice-Raw","SRINAGAR","NE13","988343.95239","1381908.02239","1381908.02239"
"20160220","Region Name: J & K","02","Rice-Raw","JAMMU","NE12","475067.21","1471317.42239","1471317.42239"
"20160220","Region Name: J & K","02","Rice-Raw","SRINAGAR","NE13","996250.21239","1471317.42239","1471317.42239"
"20160221","Region Name: J & K","02","Rice-Raw","JAMMU","NE12","475067.21","1474175.72239","1474175.72239"
"20160221","Region Name: J & K","02","Rice-Raw","SRINAGAR","NE13","999108.51239","1474175.72239","1474175.72239"
"20160222","Region Name: J & K","02","Rice-Raw","JAMMU","NE12","474842.21","1483440.46239","1483440.46239"
"20160222","Region Name: J & K","02","Rice-Raw","SRINAGAR","NE13","1008598.25239","1483440.46239","1483440.46239"
"20160223","Region Name: J & K","02","Rice-Raw","JAMMU","NE12","474842.21","1493057.34239","1493057.34239"
"20160223","Region Name: J & K","02","Rice-Raw","SRINAGAR","NE13","1018215.13239","1493057.34239","1493057.34239"
"20160224","Region Name: J & K","02","Rice-Raw","JAMMU","NE12","474842.21","1500090.72239","1500090.72239"
"20160224","Region Name: J & K","02","Rice-Raw","SRINAGAR","NE13","1025248.51239","1500090.72239","1500090.72239"
"20160225","Region Name: J & K","02","Rice-Raw","JAMMU","NE12","474842.21","1507534.05239","1507534.05239"
"20160225","Region Name: J & K","02","Rice-Raw","SRINAGAR","NE13","1032691.84239","1507534.05239","1507534.05239"
"20160226","Region Name: J & K","02","Rice-Raw","JAMMU","NE12","474842.21","1510343.36239","1510343.36239"
"20160226","Region Name: J & K","02","Rice-Raw","SRINAGAR","NE13","1035501.15239","1510343.36239","1510343.36239"
"20160227","Region Name: J & K","02","Rice-Raw","JAMMU","NE12","534659.35","1572187.01239","1572187.01239"
"20160227","Region Name: J & K","02","Rice-Raw","SRINAGAR","NE13","1037527.66239","1572187.01239","1572187.01239"
"20160228","Region Name: J & K","02","Rice-Raw","JAMMU","NE12","517184.14","1553238.20239","1553238.20239"
"20160228","Region Name: J & K","02","Rice-Raw","SRINAGAR","NE13","1036054.06239","1553238.20239","1553238.20239"
"20160229","Region Name: J & K","02","Rice-Raw","JAMMU","NE12","517184.14","1553725.67239","1553725.67239"
"20160229","Region Name: J & K","02","Rice-Raw","SRINAGAR","NE13","1036541.53239","1553725.67239","1553725.67239"
"20160301","Region Name: J & K","02","Rice-Raw","JAMMU","NE12","517184.14","1553316.31239","1553316.31239"
"20160301","Region Name: J & K","02","Rice-Raw","SRINAGAR","NE13","1036132.17239","1553316.31239","1553316.31239"
"20160302","Region Name: J & K","02","Rice-Raw","JAMMU","NE12","517184.14","1552789.72239","1552789.72239"
"20160302","Region Name: J & K","02","Rice-Raw","SRINAGAR","NE13","1035605.58239","1552789.72239","1552789.72239"
"20160303","Region Name: J & K","02","Rice-Raw","JAMMU","NE12","517184.14","1552511.66239","1552511.66239"
"20160303","Region Name: J & K","02","Rice-Raw","SRINAGAR","NE13","1035327.52239","1552511.66239","1552511.66239"
"20160304","Region Name: J & K","02","Rice-Raw","JAMMU","NE12","517184.14","1547254.29239","1547254.29239"
"20160304","Region Name: J & K","02","Rice-Raw","SRINAGAR","NE13","1030070.15239","1547254.29239","1547254.29239"
"20160305","Region Name: J & K","02","Rice-Raw","JAMMU","NE12","516690.07","1547849.29239","1547849.29239"
"20160305","Region Name: J & K","02","Rice-Raw","SRINAGAR","NE13","1031159.22239","1547849.29239","1547849.29239"
"20160306","Region Name: J & K","02","Rice-Raw","JAMMU","NE12","517682.27","1545723.38239","1545723.38239"
"20160306","Region Name: J & K","02","Rice-Raw","SRINAGAR","NE13","1028041.11239","1545723.38239","1545723.38239"
"20160307","Region Name: J & K","02","Rice-Raw","JAMMU","NE12","490735.05","1518486.16239","1518486.16239"
"20160307","Region Name: J & K","02","Rice-Raw","SRINAGAR","NE13","1027751.11239","1518486.16239","1518486.16239"
"20160308","Region Name: J & K","02","Rice-Raw","JAMMU","NE12","490735.05","1513877.21239","1513877.21239"
"20160308","Region Name: J & K","02","Rice-Raw","SRINAGAR","NE13","1023142.16239","1513877.21239","1513877.21239"
"20160309","Region Name: J & K","02","Rice-Raw","JAMMU","NE12","490735.05","1509645.93239","1509645.93239"
"20160309","Region Name: J & K","02","Rice-Raw","SRINAGAR","NE13","1018910.88239","1509645.93239","1509645.93239"
"20160310","Region Name: J & K","02","Rice-Raw","JAMMU","NE12","490735.05","1504434.11239","1504434.11239"
"20160310","Region Name: J & K","02","Rice-Raw","SRINAGAR","NE13","1013699.06239","1504434.11239","1504434.11239"
"20160311","Region Name: J & K","02","Rice-Raw","JAMMU","NE12","490735.05","1498425.05239","1498425.05239"
"20160311","Region Name: J & K","02","Rice-Raw","SRINAGAR","NE13","1007690.00239","1498425.05239","1498425.05239"
"20160312","Region Name: J & K","02","Rice-Raw","JAMMU","NE12","490148.89","1488538.74239","1488538.74239"
"20160312","Region Name: J & K","02","Rice-Raw","SRINAGAR","NE13","998389.85239","1488538.74239","1488538.74239"
"20160313","Region Name: J & K","02","Rice-Raw","JAMMU","NE12","490148.89","1486072.26239","1486072.26239"
"20160313","Region Name: J & K","02","Rice-Raw","SRINAGAR","NE13","995923.37239","1486072.26239","1486072.26239"
"20160314","Region Name: J & K","02","Rice-Raw","JAMMU","NE12","432395.34","1417899.54239","1417899.54239"
"20160314","Region Name: J & K","02","Rice-Raw","SRINAGAR","NE13","985504.20239","1417899.54239","1417899.54239"
"20160315","Region Name: J & K","02","Rice-Raw","JAMMU","NE12","432395.34","1405886.35239","1405886.35239"
"20160315","Region Name: J & K","02","Rice-Raw","SRINAGAR","NE13","973491.01239","1405886.35239","1405886.35239"
"20160316","Region Name: J & K","02","Rice-Raw","JAMMU","NE12","432395.34","1396421.85239","1396421.85239"
"20160316","Region Name: J & K","02","Rice-Raw","SRINAGAR","NE13","964026.51239","1396421.85239","1396421.85239"
"20160317","Region Name: J & K","02","Rice-Raw","JAMMU","NE12","432395.34","1390419.40239","1390419.40239"
"20160317","Region Name: J & K","02","Rice-Raw","SRINAGAR","NE13","958024.06239","1390419.40239","1390419.40239"
"20160318","Region Name: J & K","02","Rice-Raw","JAMMU","NE12","432395.34","1384619.17239","1384619.17239"
"20160318","Region Name: J & K","02","Rice-Raw","SRINAGAR","NE13","952223.83239","1384619.17239","1384619.17239"
"20160319","Region Name: J & K","02","Rice-Raw","JAMMU","NE12","432395.34","1378901.27239","1378901.27239"
"20160319","Region Name: J & K","02","Rice-Raw","SRINAGAR","NE13","946505.93239","1378901.27239","1378901.27239"
"20160320","Region Name: J & K","02","Rice-Raw","JAMMU","NE12","432395.34","1372850.00239","1372850.00239"
"20160320","Region Name: J & K","02","Rice-Raw","SRINAGAR","NE13","940454.66239","1372850.00239","1372850.00239"
"20160321","Region Name: J & K","02","Rice-Raw","JAMMU","NE12","403607.94","1338241.68239","1338241.68239"
"20160321","Region Name: J & K","02","Rice-Raw","SRINAGAR","NE13","934633.74239","1338241.68239","1338241.68239"
"20160322","Region Name: J & K","02","Rice-Raw","JAMMU","NE12","400199.08","1330322.42239","1330322.42239"
"20160322","Region Name: J & K","02","Rice-Raw","SRINAGAR","NE13","930123.34239","1330322.42239","1330322.42239"
"20160323","Region Name: J & K","02","Rice-Raw","JAMMU","NE12","400199.08","1324313.39139","1324313.39139"
"20160323","Region Name: J & K","02","Rice-Raw","SRINAGAR","NE13","924114.31139","1324313.39139","1324313.39139"
"20160324","Region Name: J & K","02","Rice-Raw","JAMMU","NE12","400199.08","1319335.38139","1319335.38139"
"20160324","Region Name: J & K","02","Rice-Raw","SRINAGAR","NE13","919136.30139","1319335.38139","1319335.38139"
"20160325","Region Name: J & K","02","Rice-Raw","JAMMU","NE12","400199.08","1315392.13139","1315392.13139"
"20160325","Region Name: J & K","02","Rice-Raw","SRINAGAR","NE13","915193.05139","1315392.13139","1315392.13139"
"20160326","Region Name: J & K","02","Rice-Raw","JAMMU","NE12","400199.08","1314662.48139","1314662.48139"
"20160326","Region Name: J & K","02","Rice-Raw","SRINAGAR","NE13","914463.40139","1314662.48139","1314662.48139"
"20160327","Region Name: J & K","02","Rice-Raw","JAMMU","NE12","400199.08","1314662.48139","1314662.48139"
"20160327","Region Name: J & K","02","Rice-Raw","SRINAGAR","NE13","914463.40139","1314662.48139","1314662.48139"
"20160328","Region Name: J & K","02","Rice-Raw","JAMMU","NE12","401333.73","1314209.78139","1314209.78139"
"20160328","Region Name: J & K","02","Rice-Raw","SRINAGAR","NE13","912876.05139","1314209.78139","1314209.78139"
"20160329","Region Name: J & K","02","Rice-Raw","JAMMU","NE12","396355.11","1306253.83139","1306253.83139"
"20160329","Region Name: J & K","02","Rice-Raw","SRINAGAR","NE13","909898.72139","1306253.83139","1306253.83139"
"20160330","Region Name: J & K","02","Rice-Raw","JAMMU","NE12","385153.87","1289403.46050","1289403.4605"
"20160330","Region Name: J & K","02","Rice-Raw","SRINAGAR","NE13","904249.5905","1289403.46050","1289403.4605"
"20160331","Region Name: J & K","02","Rice-Raw","JAMMU","NE12","368224.19","1271927.09150","1271927.0915"
"20160331","Region Name: J & K","02","Rice-Raw","SRINAGAR","NE13","903702.9015","1271927.09150","1271927.0915"
"20160401","Region Name: J & K","02","Rice-Raw","JAMMU","NE12","368224.19","1271641.42150","1271641.4215"
"20160401","Region Name: J & K","02","Rice-Raw","SRINAGAR","NE13","903417.2315","1271641.42150","1271641.4215"
"20160402","Region Name: J & K","02","Rice-Raw","JAMMU","NE12","368224.19","1270541.40239","1270541.40239"
"20160402","Region Name: J & K","02","Rice-Raw","SRINAGAR","NE13","902317.21239","1270541.40239","1270541.40239"
"20160403","Region Name: J & K","02","Rice-Raw","JAMMU","NE12","368224.19","1270939.18239","1270939.18239"
"20160403","Region Name: J & K","02","Rice-Raw","SRINAGAR","NE13","902714.99239","1270939.18239","1270939.18239"
"20160404","Region Name: J & K","02","Rice-Raw","JAMMU","NE12","368224.19","1266943.12239","1266943.12239"
"20160404","Region Name: J & K","02","Rice-Raw","SRINAGAR","NE13","898718.93239","1266943.12239","1266943.12239"
"20160405","Region Name: J & K","02","Rice-Raw","JAMMU","NE12","368224.19","1261898.10239","1261898.10239"
"20160405","Region Name: J & K","02","Rice-Raw","SRINAGAR","NE13","893673.91239","1261898.10239","1261898.10239"
"20160406","Region Name: J & K","02","Rice-Raw","JAMMU","NE12","368224.19","1257090.26150","1257090.2615"
"20160406","Region Name: J & K","02","Rice-Raw","SRINAGAR","NE13","888866.0715","1257090.26150","1257090.2615"
"20160407","Region Name: J & K","02","Rice-Raw","JAMMU","NE12","341479.36","1224022.96150","1224022.9615"
"20160407","Region Name: J & K","02","Rice-Raw","SRINAGAR","NE13","882543.6015","1224022.96150","1224022.9615"
"20160408","Region Name: J & K","02","Rice-Raw","JAMMU","NE12","336907.26","1203067.43150","1203067.4315"
"20160408","Region Name: J & K","02","Rice-Raw","SRINAGAR","NE13","866160.1715","1203067.43150","1203067.4315"
"20160409","Region Name: J & K","02","Rice-Raw","JAMMU","NE12","336907.26","1196518.40150","1196518.4015"
"20160409","Region Name: J & K","02","Rice-Raw","SRINAGAR","NE13","859611.1415","1196518.40150","1196518.4015"
"20160410","Region Name: J & K","02","Rice-Raw","JAMMU","NE12","336907.26","1193607.87150","1193607.8715"
"20160410","Region Name: J & K","02","Rice-Raw","SRINAGAR","NE13","856700.6115","1193607.87150","1193607.8715"
"20160411","Region Name: J & K","02","Rice-Raw","JAMMU","NE12","336907.26","1190508.73150","1190508.7315"
"20160411","Region Name: J & K","02","Rice-Raw","SRINAGAR","NE13","853601.4715","1190508.73150","1190508.7315"
"20160412","Region Name: J & K","02","Rice-Raw","JAMMU","NE12","336907.26","1182093.94150","1182093.9415"
"20160412","Region Name: J & K","02","Rice-Raw","SRINAGAR","NE13","845186.6815","1182093.94150","1182093.9415"
"20160413","Region Name: J & K","02","Rice-Raw","JAMMU","NE12","333658.46","1176714.28150","1176714.2815"
"20160413","Region Name: J & K","02","Rice-Raw","SRINAGAR","NE13","843055.8215","1176714.28150","1176714.2815"
"20160414","Region Name: J & K","02","Rice-Raw","JAMMU","NE12","281943.53","1121906.92150","1121906.9215"
"20160414","Region Name: J & K","02","Rice-Raw","SRINAGAR","NE13","839963.3915","1121906.92150","1121906.9215"
"20160415","Region Name: J & K","02","Rice-Raw","JAMMU","NE12","279548.66","1118350.96150","1118350.9615"
"20160415","Region Name: J & K","02","Rice-Raw","SRINAGAR","NE13","838802.3015","1118350.96150","1118350.9615"
"20160416","Region Name: J & K","02","Rice-Raw","JAMMU","NE12","278230.58","1116621.88150","1116621.8815"
"20160416","Region Name: J & K","02","Rice-Raw","SRINAGAR","NE13","838391.3015","1116621.88150","1116621.8815"
"20160417","Region Name: J & K","02","Rice-Raw","JAMMU","NE12","278230.58","1116621.88150","1116621.8815"
"20160417","Region Name: J & K","02","Rice-Raw","SRINAGAR","NE13","838391.3015","1116621.88150","1116621.8815"
"20160418","Region Name: J & K","02","Rice-Raw","JAMMU","NE12","280018.25","1119257.48150","1119257.4815"
"20160418","Region Name: J & K","02","Rice-Raw","SRINAGAR","NE13","839239.2315","1119257.48150","1119257.4815"
"20160419","Region Name: J & K","02","Rice-Raw","JAMMU","NE12","274644.72","1119509.22150","1119509.2215"
"20160419","Region Name: J & K","02","Rice-Raw","SRINAGAR","NE13","844864.5015","1119509.22150","1119509.2215"
"20160420","Region Name: J & K","02","Rice-Raw","JAMMU","NE12","274372.07","1119193.48150","1119193.4815"
"20160420","Region Name: J & K","02","Rice-Raw","SRINAGAR","NE13","844821.4115","1119193.48150","1119193.4815"
"20160421","Region Name: J & K","02","Rice-Raw","JAMMU","NE12","279276.16","1123750.58150","1123750.5815"
"20160421","Region Name: J & K","02","Rice-Raw","SRINAGAR","NE13","844474.4215","1123750.58150","1123750.5815"
"20160422","Region Name: J & K","02","Rice-Raw","JAMMU","NE12","279276.16","1122452.66150","1122452.6615"
"20160422","Region Name: J & K","02","Rice-Raw","SRINAGAR","NE13","843176.5015","1122452.66150","1122452.6615"
"20160423","Region Name: J & K","02","Rice-Raw","JAMMU","NE12","279276.16","1119824.85150","1119824.8515"
"20160423","Region Name: J & K","02","Rice-Raw","SRINAGAR","NE13","840548.6915","1119824.85150","1119824.8515"
"20160424","Region Name: J & K","02","Rice-Raw","JAMMU","NE12","279276.16","1118972.70150","1118972.7015"
"20160424","Region Name: J & K","02","Rice-Raw","SRINAGAR","NE13","839696.5415","1118972.70150","1118972.7015"
"20160425","Region Name: J & K","02","Rice-Raw","JAMMU","NE12","274458.19","1109759.21150","1109759.2115"
"20160425","Region Name: J & K","02","Rice-Raw","SRINAGAR","NE13","835301.0215","1109759.21150","1109759.2115"
"20160426","Region Name: J & K","02","Rice-Raw","JAMMU","NE12","274393.78","1102777.94150","1102777.9415"
"20160426","Region Name: J & K","02","Rice-Raw","SRINAGAR","NE13","828384.1615","1102777.94150","1102777.9415"
"20160427","Region Name: J & K","02","Rice-Raw","JAMMU","NE12","280913.42","1097626.06150","1097626.0615"
"20160427","Region Name: J & K","02","Rice-Raw","SRINAGAR","NE13","816712.6415","1097626.06150","1097626.0615"
"20160428","Region Name: J & K","02","Rice-Raw","JAMMU","NE12","274428.33","1080964.42150","1080964.4215"
"20160428","Region Name: J & K","02","Rice-Raw","SRINAGAR","NE13","806536.0915","1080964.42150","1080964.4215"
"20160429","Region Name: J & K","02","Rice-Raw","JAMMU","NE12","274940.77","1070972.52150","1070972.5215"
"20160429","Region Name: J & K","02","Rice-Raw","SRINAGAR","NE13","796031.7515","1070972.52150","1070972.5215"
"20160430","Region Name: J & K","02","Rice-Raw","JAMMU","NE12","250262.25","1035257.72150","1035257.7215"
"20160430","Region Name: J & K","02","Rice-Raw","SRINAGAR","NE13","784995.4715","1035257.72150","1035257.7215"
"20160501","Region Name: J & K","02","Rice-Raw","JAMMU","NE12","250262.25","1035257.72150","1035257.7215"
"20160501","Region Name: J & K","02","Rice-Raw","SRINAGAR","NE13","784995.4715","1035257.72150","1035257.7215"
"20160502","Region Name: J & K","02","Rice-Raw","JAMMU","NE12","250677.27","1032153.00150","1032153.0015"
"20160502","Region Name: J & K","02","Rice-Raw","SRINAGAR","NE13","781475.7315","1032153.00150","1032153.0015"
"20160503","Region Name: J & K","02","Rice-Raw","JAMMU","NE12","269877.28","1044544.17150","1044544.1715"
"20160503","Region Name: J & K","02","Rice-Raw","SRINAGAR","NE13","774666.8915","1044544.17150","1044544.1715"
"20160504","Region Name: J & K","02","Rice-Raw","JAMMU","NE12","258175.41","1024919.03150","1024919.0315"
"20160504","Region Name: J & K","02","Rice-Raw","SRINAGAR","NE13","766743.6215","1024919.03150","1024919.0315"
"20160505","Region Name: J & K","02","Rice-Raw","JAMMU","NE12","252775.01","1015123.41150","1015123.4115"
"20160505","Region Name: J & K","02","Rice-Raw","SRINAGAR","NE13","762348.4015","1015123.41150","1015123.4115"
"20160506","Region Name: J & K","02","Rice-Raw","JAMMU","NE12","258639.7","1015427.56150","1015427.5615"
"20160506","Region Name: J & K","02","Rice-Raw","SRINAGAR","NE13","756787.8615","1015427.56150","1015427.5615"
"20160507","Region Name: J & K","02","Rice-Raw","JAMMU","NE12","259036.44","1018127.12150","1018127.1215"
"20160507","Region Name: J & K","02","Rice-Raw","SRINAGAR","NE13","759090.6815","1018127.12150","1018127.1215"
"20160508","Region Name: J & K","02","Rice-Raw","JAMMU","NE12","259036.44","1017765.69150","1017765.6915"
"20160508","Region Name: J & K","02","Rice-Raw","SRINAGAR","NE13","758729.2515","1017765.69150","1017765.6915"
"20160509","Region Name: J & K","02","Rice-Raw","JAMMU","NE12","254692.16","1008517.74150","1008517.7415"
"20160509","Region Name: J & K","02","Rice-Raw","SRINAGAR","NE13","753825.5815","1008517.74150","1008517.7415"
"20160510","Region Name: J & K","02","Rice-Raw","JAMMU","NE12","272071.32","1020108.39150","1020108.3915"
"20160510","Region Name: J & K","02","Rice-Raw","SRINAGAR","NE13","748037.0715","1020108.39150","1020108.3915"
"20160511","Region Name: J & K","02","Rice-Raw","JAMMU","NE12","262433.95","998305.42150","998305.4215"
"20160511","Region Name: J & K","02","Rice-Raw","SRINAGAR","NE13","735871.4715","998305.42150","998305.4215"
"20160512","Region Name: J & K","02","Rice-Raw","JAMMU","NE12","274491.61","996643.07150","996643.0715"
"20160512","Region Name: J & K","02","Rice-Raw","SRINAGAR","NE13","722151.4615","996643.07150","996643.0715"
"20160513","Region Name: J & K","02","Rice-Raw","JAMMU","NE12","294026.17","1006920.56150","1006920.5615"
"20160513","Region Name: J & K","02","Rice-Raw","SRINAGAR","NE13","712894.3915","1006920.56150","1006920.5615"
"20160514","Region Name: J & K","02","Rice-Raw","JAMMU","NE12","294026.17","997629.60150","997629.6015"
"20160514","Region Name: J & K","02","Rice-Raw","SRINAGAR","NE13","703603.4315","997629.60150","997629.6015"
"20160515","Region Name: J & K","02","Rice-Raw","JAMMU","NE12","294026.17","996719.33150","996719.3315"
"20160515","Region Name: J & K","02","Rice-Raw","SRINAGAR","NE13","702693.1615","996719.33150","996719.3315"
"20160516","Region Name: J & K","02","Rice-Raw","JAMMU","NE12","285328.8","999758.73150","999758.7315"
"20160516","Region Name: J & K","02","Rice-Raw","SRINAGAR","NE13","714429.9315","999758.73150","999758.7315"
"20160517","Region Name: J & K","02","Rice-Raw","JAMMU","NE12","277894.09","984955.33150","984955.3315"
"20160517","Region Name: J & K","02","Rice-Raw","SRINAGAR","NE13","707061.2415","984955.33150","984955.3315"
"20160518","Region Name: J & K","02","Rice-Raw","JAMMU","NE12","274816.15","967240.53150","967240.5315"
"20160518","Region Name: J & K","02","Rice-Raw","SRINAGAR","NE13","692424.3815","967240.53150","967240.5315"
"20160519","Region Name: J & K","02","Rice-Raw","JAMMU","NE12","292509.02","978140.47150","978140.4715"
"20160519","Region Name: J & K","02","Rice-Raw","SRINAGAR","NE13","685631.4515","978140.47150","978140.4715"
"20160520","Region Name: J & K","02","Rice-Raw","JAMMU","NE12","292064.07","968987.88150","968987.8815"
"20160520","Region Name: J & K","02","Rice-Raw","SRINAGAR","NE13","676923.8115","968987.88150","968987.8815"
"20160521","Region Name: J & K","02","Rice-Raw","JAMMU","NE12","293312.9","969903.80150","969903.8015"
"20160521","Region Name: J & K","02","Rice-Raw","SRINAGAR","NE13","676590.9015","969903.80150","969903.8015"
"20160522","Region Name: J & K","02","Rice-Raw","JAMMU","NE12","293312.9","969774.45150","969774.4515"
"20160522","Region Name: J & K","02","Rice-Raw","SRINAGAR","NE13","676461.5515","969774.45150","969774.4515"
"20160523","Region Name: J & K","02","Rice-Raw","JAMMU","NE12","285360.5","959403.21150","959403.2115"
"20160523","Region Name: J & K","02","Rice-Raw","SRINAGAR","NE13","674042.7115","959403.21150","959403.2115"
"20160524","Region Name: J & K","02","Rice-Raw","JAMMU","NE12","282607.63","955100.75150","955100.7515"
"20160524","Region Name: J & K","02","Rice-Raw","SRINAGAR","NE13","672493.1215","955100.75150","955100.7515"
"20160525","Region Name: J & K","02","Rice-Raw","JAMMU","NE12","281901.56","951379.26150","951379.2615"
"20160525","Region Name: J & K","02","Rice-Raw","SRINAGAR","NE13","669477.7015","951379.26150","951379.2615"
"20160526","Region Name: J & K","02","Rice-Raw","JAMMU","NE12","280919.57","950515.95150","950515.9515"
"20160526","Region Name: J & K","02","Rice-Raw","SRINAGAR","NE13","669596.3815","950515.95150","950515.9515"
"20160527","Region Name: J & K","02","Rice-Raw","JAMMU","NE12","279975.83","948096.34150","948096.3415"
"20160527","Region Name: J & K","02","Rice-Raw","SRINAGAR","NE13","668120.5115","948096.34150","948096.3415"
"20160528","Region Name: J & K","02","Rice-Raw","JAMMU","NE12","290986.7","954250.59150","954250.5915"
"20160528","Region Name: J & K","02","Rice-Raw","SRINAGAR","NE13","663263.8915","954250.59150","954250.5915"
"20160529","Region Name: J & K","02","Rice-Raw","JAMMU","NE12","290986.7","954250.59150","954250.5915"
"20160529","Region Name: J & K","02","Rice-Raw","SRINAGAR","NE13","663263.8915","954250.59150","954250.5915"
"20160530","Region Name: J & K","02","Rice-Raw","JAMMU","NE12","282169.98","942371.93150","942371.9315"
"20160530","Region Name: J & K","02","Rice-Raw","SRINAGAR","NE13","660201.9515","942371.93150","942371.9315"
"20160531","Region Name: J & K","02","Rice-Raw","JAMMU","NE12","262468.02","918574.72150","918574.7215"
"20160531","Region Name: J & K","02","Rice-Raw","SRINAGAR","NE13","656106.7015","918574.72150","918574.7215"
"20160601","Region Name: J & K","02","Rice-Raw","JAMMU","NE12","280552.42","937069.15150","937069.1515"
"20160601","Region Name: J & K","02","Rice-Raw","SRINAGAR","NE13","656516.7315","937069.15150","937069.1515"
"20160602","Region Name: J & K","02","Rice-Raw","JAMMU","NE12","272961.85","924347.83150","924347.8315"
"20160602","Region Name: J & K","02","Rice-Raw","SRINAGAR","NE13","651385.9815","924347.83150","924347.8315"
"20160603","Region Name: J & K","02","Rice-Raw","JAMMU","NE12","282712.73","923011.12150","923011.1215"
"20160603","Region Name: J & K","02","Rice-Raw","SRINAGAR","NE13","640298.3915","923011.12150","923011.1215"
"20160604","Region Name: J & K","02","Rice-Raw","JAMMU","NE12","267850.71","897454.22150","897454.2215"
"20160604","Region Name: J & K","02","Rice-Raw","SRINAGAR","NE13","629603.5115","897454.22150","897454.2215"
"20160605","Region Name: J & K","02","Rice-Raw","JAMMU","NE12","267850.71","897116.44150","897116.4415"
"20160605","Region Name: J & K","02","Rice-Raw","SRINAGAR","NE13","629265.7315","897116.44150","897116.4415"
"20160606","Region Name: J & K","02","Rice-Raw","JAMMU","NE12","267357.6","891728.39150","891728.3915"
"20160606","Region Name: J & K","02","Rice-Raw","SRINAGAR","NE13","624370.7915","891728.39150","891728.3915"
"20160607","Region Name: J & K","02","Rice-Raw","JAMMU","NE12","293835.04","920136.95150","920136.9515"
"20160607","Region Name: J & K","02","Rice-Raw","SRINAGAR","NE13","626301.9115","920136.95150","920136.9515"
"20160608","Region Name: J & K","02","Rice-Raw","JAMMU","NE12","306956.37","938809.42150","938809.4215"
"20160608","Region Name: J & K","02","Rice-Raw","SRINAGAR","NE13","631853.0515","938809.42150","938809.4215"
"20160609","Region Name: J & K","02","Rice-Raw","JAMMU","NE12","330893.68","963619.24150","963619.2415"
"20160609","Region Name: J & K","02","Rice-Raw","SRINAGAR","NE13","632725.5615","963619.24150","963619.2415"
"20160610","Region Name: J & K","02","Rice-Raw","JAMMU","NE12","322950.43","954276.79150","954276.7915"
"20160610","Region Name: J & K","02","Rice-Raw","SRINAGAR","NE13","631326.3615","954276.79150","954276.7915"
"20160611","Region Name: J & K","02","Rice-Raw","JAMMU","NE12","318029.21","951167.30150","951167.3015"
"20160611","Region Name: J & K","02","Rice-Raw","SRINAGAR","NE13","633138.0915","951167.30150","951167.3015"
"20160612","Region Name: J & K","02","Rice-Raw","JAMMU","NE12","317839.81","954111.74150","954111.7415"
"20160612","Region Name: J & K","02","Rice-Raw","SRINAGAR","NE13","636271.9315","954111.74150","954111.7415"
"20160613","Region Name: J & K","02","Rice-Raw","JAMMU","NE12","335527.95","975499.53150","975499.5315"
"20160613","Region Name: J & K","02","Rice-Raw","SRINAGAR","NE13","639971.5815","975499.53150","975499.5315"
"20160614","Region Name: J & K","02","Rice-Raw","JAMMU","NE12","320601.36","962821.27150","962821.2715"
"20160614","Region Name: J & K","02","Rice-Raw","SRINAGAR","NE13","642219.9115","962821.27150","962821.2715"
"20160615","Region Name: J & K","02","Rice-Raw","JAMMU","NE12","338803.53","984232.99150","984232.9915"
"20160615","Region Name: J & K","02","Rice-Raw","SRINAGAR","NE13","645429.4615","984232.99150","984232.9915"
"20160616","Region Name: J & K","02","Rice-Raw","JAMMU","NE12","327936.03","977982.92150","977982.9215"
"20160616","Region Name: J & K","02","Rice-Raw","SRINAGAR","NE13","650046.8915","977982.92150","977982.9215"
"20160617","Region Name: J & K","02","Rice-Raw","JAMMU","NE12","323119.2","979209.84150","979209.8415"
"20160617","Region Name: J & K","02","Rice-Raw","SRINAGAR","NE13","656090.6415","979209.84150","979209.8415"
"20160618","Region Name: J & K","02","Rice-Raw","JAMMU","NE12","309883.84","975881.00150","975881.0015"
"20160618","Region Name: J & K","02","Rice-Raw","SRINAGAR","NE13","665997.1615","975881.00150","975881.0015"
"20160619","Region Name: J & K","02","Rice-Raw","JAMMU","NE12","310103.26","975762.30150","975762.3015"
"20160619","Region Name: J & K","02","Rice-Raw","SRINAGAR","NE13","665659.0415","975762.30150","975762.3015"
"20160620","Region Name: J & K","02","Rice-Raw","JAMMU","NE12","302749.71","976736.04150","976736.0415"
"20160620","Region Name: J & K","02","Rice-Raw","SRINAGAR","NE13","673986.3315","976736.04150","976736.0415"
"20160621","Region Name: J & K","02","Rice-Raw","JAMMU","NE12","319756.84","1003405.48150","1003405.4815"
"20160621","Region Name: J & K","02","Rice-Raw","SRINAGAR","NE13","683648.6415","1003405.48150","1003405.4815"
"20160622","Region Name: J & K","02","Rice-Raw","JAMMU","NE12","314421.55","1006836.98150","1006836.9815"
"20160622","Region Name: J & K","02","Rice-Raw","SRINAGAR","NE13","692415.4315","1006836.98150","1006836.9815"
"20160623","Region Name: J & K","02","Rice-Raw","JAMMU","NE12","304610.78","1001100.14150","1001100.1415"
"20160623","Region Name: J & K","02","Rice-Raw","SRINAGAR","NE13","696489.3615","1001100.14150","1001100.1415"
"20160624","Region Name: J & K","02","Rice-Raw","JAMMU","NE12","315969.97","1014944.38150","1014944.3815"
"20160624","Region Name: J & K","02","Rice-Raw","SRINAGAR","NE13","698974.4115","1014944.38150","1014944.3815"
"20160625","Region Name: J & K","02","Rice-Raw","JAMMU","NE12","322153.99","1029139.08150","1029139.0815"
"20160625","Region Name: J & K","02","Rice-Raw","SRINAGAR","NE13","706985.0915","1029139.08150","1029139.0815"
"20160626","Region Name: J & K","02","Rice-Raw","JAMMU","NE12","322153.99","1035478.46150","1035478.4615"
"20160626","Region Name: J & K","02","Rice-Raw","SRINAGAR","NE13","713324.4715","1035478.46150","1035478.4615"
"20160627","Region Name: J & K","02","Rice-Raw","JAMMU","NE12","325941.26","1045813.67150","1045813.6715"
"20160627","Region Name: J & K","02","Rice-Raw","SRINAGAR","NE13","719872.4115","1045813.67150","1045813.6715"
"20160628","Region Name: J & K","02","Rice-Raw","JAMMU","NE12","332570.73","1062273.09150","1062273.0915"
"20160628","Region Name: J & K","02","Rice-Raw","SRINAGAR","NE13","729702.3615","1062273.09150","1062273.0915"
"20160629","Region Name: J & K","02","Rice-Raw","JAMMU","NE12","342371.96","1075377.89150","1075377.8915"
"20160629","Region Name: J & K","02","Rice-Raw","SRINAGAR","NE13","733005.9315","1075377.89150","1075377.8915"
"20160630","Region Name: J & K","02","Rice-Raw","JAMMU","NE12","325285.67","1059937.54150","1059937.5415"
"20160630","Region Name: J & K","02","Rice-Raw","SRINAGAR","NE13","734651.8715","1059937.54150","1059937.5415"
"20160701","Region Name: J & K","02","Rice-Raw","JAMMU","NE12","332727.29","1069374.67150","1069374.6715"
"20160701","Region Name: J & K","02","Rice-Raw","SRINAGAR","NE13","736647.3815","1069374.67150","1069374.6715"
"20160702","Region Name: J & K","02","Rice-Raw","JAMMU","NE12","314106.01","1057751.93150","1057751.9315"
"20160702","Region Name: J & K","02","Rice-Raw","SRINAGAR","NE13","743645.9215","1057751.93150","1057751.9315"
"20160703","Region Name: J & K","02","Rice-Raw","JAMMU","NE12","314106.01","1061181.38150","1061181.3815"
"20160703","Region Name: J & K","02","Rice-Raw","SRINAGAR","NE13","747075.3715","1061181.38150","1061181.3815"
"20160704","Region Name: J & K","02","Rice-Raw","JAMMU","NE12","310177.61","1063036.21150","1063036.2115"
"20160704","Region Name: J & K","02","Rice-Raw","SRINAGAR","NE13","752858.6015","1063036.21150","1063036.2115"
"20160705","Region Name: J & K","02","Rice-Raw","JAMMU","NE12","310165.5","1072958.48150","1072958.4815"
"20160705","Region Name: J & K","02","Rice-Raw","SRINAGAR","NE13","762792.9815","1072958.48150","1072958.4815"
"20160706","Region Name: J & K","02","Rice-Raw","JAMMU","NE12","323688.74","1087177.02150","1087177.0215"
"20160706","Region Name: J & K","02","Rice-Raw","SRINAGAR","NE13","763488.2815","1087177.02150","1087177.0215"
"20160707","Region Name: J & K","02","Rice-Raw","JAMMU","NE12","342984.17","1107371.44150","1107371.4415"
"20160707","Region Name: J & K","02","Rice-Raw","SRINAGAR","NE13","764387.2715","1107371.44150","1107371.4415"
"20160708","Region Name: J & K","02","Rice-Raw","JAMMU","NE12","374528.61","1139716.97150","1139716.9715"
"20160708","Region Name: J & K","02","Rice-Raw","SRINAGAR","NE13","765188.3615","1139716.97150","1139716.9715"
"20160709","Region Name: J & K","02","Rice-Raw","JAMMU","NE12","393619.67","1162969.31150","1162969.3115"
"20160709","Region Name: J & K","02","Rice-Raw","SRINAGAR","NE13","769349.6415","1162969.31150","1162969.3115"
"20160710","Region Name: J & K","02","Rice-Raw","JAMMU","NE12","393619.67","1162969.31150","1162969.3115"
"20160710","Region Name: J & K","02","Rice-Raw","SRINAGAR","NE13","769349.6415","1162969.31150","1162969.3115"
"20160711","Region Name: J & K","02","Rice-Raw","JAMMU","NE12","395043.7","1166697.30150","1166697.3015"
"20160711","Region Name: J & K","02","Rice-Raw","SRINAGAR","NE13","771653.6015","1166697.30150","1166697.3015"
"20160712","Region Name: J & K","02","Rice-Raw","JAMMU","NE12","392523.74","1167690.69150","1167690.6915"
"20160712","Region Name: J & K","02","Rice-Raw","SRINAGAR","NE13","775166.9515","1167690.69150","1167690.6915"
"20160713","Region Name: J & K","02","Rice-Raw","JAMMU","NE12","399571.82","1175671.25150","1175671.2515"
"20160713","Region Name: J & K","02","Rice-Raw","SRINAGAR","NE13","776099.4315","1175671.25150","1175671.2515"
"20160714","Region Name: J & K","02","Rice-Raw","JAMMU","NE12","404894.63","1181100.39150","1181100.3915"
"20160714","Region Name: J & K","02","Rice-Raw","SRINAGAR","NE13","776205.7615","1181100.39150","1181100.3915"
"20160715","Region Name: J & K","02","Rice-Raw","JAMMU","NE12","402533.63","1181472.15150","1181472.1515"
"20160715","Region Name: J & K","02","Rice-Raw","SRINAGAR","NE13","778938.5215","1181472.15150","1181472.1515"
"20160716","Region Name: J & K","02","Rice-Raw","JAMMU","NE12","401313.79","1186089.19150","1186089.1915"
"20160716","Region Name: J & K","02","Rice-Raw","SRINAGAR","NE13","784775.4015","1186089.19150","1186089.1915"
"20160717","Region Name: J & K","02","Rice-Raw","JAMMU","NE12","401313.79","1186945.44150","1186945.4415"
"20160717","Region Name: J & K","02","Rice-Raw","SRINAGAR","NE13","785631.6515","1186945.44150","1186945.4415"
"20160718","Region Name: J & K","02","Rice-Raw","JAMMU","NE12","403843.13","1188018.05150","1188018.0515"
"20160718","Region Name: J & K","02","Rice-Raw","SRINAGAR","NE13","784174.9215","1188018.05150","1188018.0515"
"20160719","Region Name: J & K","02","Rice-Raw","JAMMU","NE12","405213.55","1184380.90150","1184380.9015"
"20160719","Region Name: J & K","02","Rice-Raw","SRINAGAR","NE13","779167.3515","1184380.90150","1184380.9015"
"20160720","Region Name: J & K","02","Rice-Raw","JAMMU","NE12","422675.8","1204093.07150","1204093.0715"
"20160720","Region Name: J & K","02","Rice-Raw","SRINAGAR","NE13","781417.2715","1204093.07150","1204093.0715"
"20160721","Region Name: J & K","02","Rice-Raw","JAMMU","NE12","434845.91","1206496.07150","1206496.0715"
"20160721","Region Name: J & K","02","Rice-Raw","SRINAGAR","NE13","771650.1615","1206496.07150","1206496.0715"
"20160722","Region Name: J & K","02","Rice-Raw","JAMMU","NE12","447869.96","1210985.73150","1210985.7315"
"20160722","Region Name: J & K","02","Rice-Raw","SRINAGAR","NE13","763115.7715","1210985.73150","1210985.7315"
"20160723","Region Name: J & K","02","Rice-Raw","JAMMU","NE12","422486.29","1176179.28150","1176179.2815"
"20160723","Region Name: J & K","02","Rice-Raw","SRINAGAR","NE13","753692.9915","1176179.28150","1176179.2815"
"20160724","Region Name: J & K","02","Rice-Raw","JAMMU","NE12","422486.29","1167289.69150","1167289.6915"
"20160724","Region Name: J & K","02","Rice-Raw","SRINAGAR","NE13","744803.4015","1167289.69150","1167289.6915"
"20160725","Region Name: J & K","02","Rice-Raw","JAMMU","NE12","425962.38","1166896.05150","1166896.0515"
"20160725","Region Name: J & K","02","Rice-Raw","SRINAGAR","NE13","740933.6715","1166896.05150","1166896.0515"
"20160726","Region Name: J & K","02","Rice-Raw","JAMMU","NE12","401505.24","1133936.98150","1133936.9815"
"20160726","Region Name: J & K","02","Rice-Raw","SRINAGAR","NE13","732431.7415","1133936.98150","1133936.9815"
"20160727","Region Name: J & K","02","Rice-Raw","JAMMU","NE12","412835.9","1139059.66150","1139059.6615"
"20160727","Region Name: J & K","02","Rice-Raw","SRINAGAR","NE13","726223.7615","1139059.66150","1139059.6615"
"20160728","Region Name: J & K","02","Rice-Raw","JAMMU","NE12","420086.24","1145435.04150","1145435.0415"
"20160728","Region Name: J & K","02","Rice-Raw","SRINAGAR","NE13","725348.8015","1145435.04150","1145435.0415"
"20160729","Region Name: J & K","02","Rice-Raw","JAMMU","NE12","425977.7","1154383.98150","1154383.9815"
"20160729","Region Name: J & K","02","Rice-Raw","SRINAGAR","NE13","728406.2815","1154383.98150","1154383.9815"
"20160730","Region Name: J & K","02","Rice-Raw","JAMMU","NE12","421408","1147687.71150","1147687.7115"
"20160730","Region Name: J & K","02","Rice-Raw","SRINAGAR","NE13","726279.7115","1147687.71150","1147687.7115"
"20160731","Region Name: J & K","02","Rice-Raw","JAMMU","NE12","420855.82","1147728.93150","1147728.9315"
"20160731","Region Name: J & K","02","Rice-Raw","SRINAGAR","NE13","726873.1115","1147728.93150","1147728.9315"
"20160801","Region Name: J & K","02","Rice-Raw","JAMMU","NE12","431273.14","1157159.28150","1157159.2815"
"20160801","Region Name: J & K","02","Rice-Raw","SRINAGAR","NE13","725886.1415","1157159.28150","1157159.2815"
"20160802","Region Name: J & K","02","Rice-Raw","JAMMU","NE12","445140.85","1168437.34150","1168437.3415"
"20160802","Region Name: J & K","02","Rice-Raw","SRINAGAR","NE13","723296.4915","1168437.34150","1168437.3415"
"20160803","Region Name: J & K","02","Rice-Raw","JAMMU","NE12","440840","1158798.78150","1158798.7815"
"20160803","Region Name: J & K","02","Rice-Raw","SRINAGAR","NE13","717958.7815","1158798.78150","1158798.7815"
"20160804","Region Name: J & K","02","Rice-Raw","JAMMU","NE12","439987.92","1154546.07150","1154546.0715"
"20160804","Region Name: J & K","02","Rice-Raw","SRINAGAR","NE13","714558.1515","1154546.07150","1154546.0715"
"20160805","Region Name: J & K","02","Rice-Raw","JAMMU","NE12","447282.36","1159855.46150","1159855.4615"
"20160805","Region Name: J & K","02","Rice-Raw","SRINAGAR","NE13","712573.1015","1159855.46150","1159855.4615"
"20160806","Region Name: J & K","02","Rice-Raw","JAMMU","NE12","446147.54","1154608.67150","1154608.6715"
"20160806","Region Name: J & K","02","Rice-Raw","SRINAGAR","NE13","708461.1315","1154608.67150","1154608.6715"
"20160807","Region Name: J & K","02","Rice-Raw","JAMMU","NE12","446147.54","1150096.87150","1150096.8715"
"20160807","Region Name: J & K","02","Rice-Raw","SRINAGAR","NE13","703949.3315","1150096.87150","1150096.8715"
"20160808","Region Name: J & K","02","Rice-Raw","JAMMU","NE12","447040.33","1146761.93150","1146761.9315"
"20160808","Region Name: J & K","02","Rice-Raw","SRINAGAR","NE13","699721.6015","1146761.93150","1146761.9315"
"20160809","Region Name: J & K","02","Rice-Raw","JAMMU","NE12","463094.88","1152104.93150","1152104.9315"
"20160809","Region Name: J & K","02","Rice-Raw","SRINAGAR","NE13","689010.0515","1152104.93150","1152104.9315"
"20160810","Region Name: J & K","02","Rice-Raw","JAMMU","NE12","463018.87","1139584.09150","1139584.0915"
"20160810","Region Name: J & K","02","Rice-Raw","SRINAGAR","NE13","676565.2215","1139584.09150","1139584.0915"
"20160811","Region Name: J & K","02","Rice-Raw","JAMMU","NE12","486180.45","1152166.45150","1152166.4515"
"20160811","Region Name: J & K","02","Rice-Raw","SRINAGAR","NE13","665986.0015","1152166.45150","1152166.4515"
"20160812","Region Name: J & K","02","Rice-Raw","JAMMU","NE12","482507.77","1146449.32150","1146449.3215"
"20160812","Region Name: J & K","02","Rice-Raw","SRINAGAR","NE13","663941.5515","1146449.32150","1146449.3215"
"20160813","Region Name: J & K","02","Rice-Raw","JAMMU","NE12","477919.85","1136426.68150","1136426.6815"
"20160813","Region Name: J & K","02","Rice-Raw","SRINAGAR","NE13","658506.8315","1136426.68150","1136426.6815"
"20160814","Region Name: J & K","02","Rice-Raw","JAMMU","NE12","477919.85","1136366.50150","1136366.5015"
"20160814","Region Name: J & K","02","Rice-Raw","SRINAGAR","NE13","658446.6515","1136366.50150","1136366.5015"
"20160815","Region Name: J & K","02","Rice-Raw","JAMMU","NE12","477919.85","1136366.50150","1136366.5015"
"20160815","Region Name: J & K","02","Rice-Raw","SRINAGAR","NE13","658446.6515","1136366.50150","1136366.5015"
"20160816","Region Name: J & K","02","Rice-Raw","JAMMU","NE12","472510.69","1124646.47150","1124646.4715"
"20160816","Region Name: J & K","02","Rice-Raw","SRINAGAR","NE13","652135.7815","1124646.47150","1124646.4715"
"20160817","Region Name: J & K","02","Rice-Raw","JAMMU","NE12","459922.68","1103429.61150","1103429.6115"
"20160817","Region Name: J & K","02","Rice-Raw","SRINAGAR","NE13","643506.9315","1103429.61150","1103429.6115"
"20160818","Region Name: J & K","02","Rice-Raw","JAMMU","NE12","453673.79","1088333.49150","1088333.4915"
"20160818","Region Name: J & K","02","Rice-Raw","SRINAGAR","NE13","634659.7015","1088333.49150","1088333.4915"
"20160819","Region Name: J & K","02","Rice-Raw","JAMMU","NE12","452815.7","1087106.80150","1087106.8015"
"20160819","Region Name: J & K","02","Rice-Raw","SRINAGAR","NE13","634291.1015","1087106.80150","1087106.8015"
"20160820","Region Name: J & K","02","Rice-Raw","JAMMU","NE12","450300.14","1074773.72150","1074773.7215"
"20160820","Region Name: J & K","02","Rice-Raw","SRINAGAR","NE13","624473.5815","1074773.72150","1074773.7215"
"20160821","Region Name: J & K","02","Rice-Raw","JAMMU","NE12","450300.14","1071679.32150","1071679.3215"
"20160821","Region Name: J & K","02","Rice-Raw","SRINAGAR","NE13","621379.1815","1071679.32150","1071679.3215"
"20160822","Region Name: J & K","02","Rice-Raw","JAMMU","NE12","461390.72","1067819.60150","1067819.6015"
"20160822","Region Name: J & K","02","Rice-Raw","SRINAGAR","NE13","606428.8815","1067819.60150","1067819.6015"
"20160823","Region Name: J & K","02","Rice-Raw","JAMMU","NE12","462501.31","1055682.17150","1055682.1715"
"20160823","Region Name: J & K","02","Rice-Raw","SRINAGAR","NE13","593180.8615","1055682.17150","1055682.1715"
"20160824","Region Name: J & K","02","Rice-Raw","JAMMU","NE12","460182.47","1044193.11150","1044193.1115"
"20160824","Region Name: J & K","02","Rice-Raw","SRINAGAR","NE13","584010.6415","1044193.11150","1044193.1115"
"20160825","Region Name: J & K","02","Rice-Raw","JAMMU","NE12","476554.07","1056923.04150","1056923.0415"
"20160825","Region Name: J & K","02","Rice-Raw","SRINAGAR","NE13","580368.9715","1056923.04150","1056923.0415"
"20160826","Region Name: J & K","02","Rice-Raw","JAMMU","NE12","453281.15","1036993.49150","1036993.4915"
"20160826","Region Name: J & K","02","Rice-Raw","SRINAGAR","NE13","583712.3415","1036993.49150","1036993.4915"
"20160827","Region Name: J & K","02","Rice-Raw","JAMMU","NE12","423675.84","1006576.85150","1006576.8515"
"20160827","Region Name: J & K","02","Rice-Raw","SRINAGAR","NE13","582901.0115","1006576.85150","1006576.8515"
"20160828","Region Name: J & K","02","Rice-Raw","JAMMU","NE12","423879.76","1009384.26150","1009384.2615"
"20160828","Region Name: J & K","02","Rice-Raw","SRINAGAR","NE13","585504.5015","1009384.26150","1009384.2615"
"20160829","Region Name: J & K","02","Rice-Raw","JAMMU","NE12","413480.59","1000502.35875","1000502.35875"
"20160829","Region Name: J & K","02","Rice-Raw","SRINAGAR","NE13","587021.76875","1000502.35875","1000502.35875"
"20160830","Region Name: J & K","02","Rice-Raw","JAMMU","NE12","412511.54","1005536.33875","1005536.33875"
"20160830","Region Name: J & K","02","Rice-Raw","SRINAGAR","NE13","593024.79875","1005536.33875","1005536.33875"
"20160831","Region Name: J & K","02","Rice-Raw","JAMMU","NE12","409039.88","1007680.28875","1007680.28875"
"20160831","Region Name: J & K","02","Rice-Raw","SRINAGAR","NE13","598640.40875","1007680.28875","1007680.28875"
"20160901","Region Name: J & K","02","Rice-Raw","JAMMU","NE12","418454.27","1027469.85875","1027469.85875"
"20160901","Region Name: J & K","02","Rice-Raw","SRINAGAR","NE13","609015.58875","1027469.85875","1027469.85875"
"20160902","Region Name: J & K","02","Rice-Raw","JAMMU","NE12","394782.83","1007766.72875","1007766.72875"
"20160902","Region Name: J & K","02","Rice-Raw","SRINAGAR","NE13","612983.89875","1007766.72875","1007766.72875"
"20160903","Region Name: J & K","02","Rice-Raw","JAMMU","NE12","377685.89","997653.91875","997653.91875"
"20160903","Region Name: J & K","02","Rice-Raw","SRINAGAR","NE13","619968.02875","997653.91875","997653.91875"
"20160904","Region Name: J & K","02","Rice-Raw","JAMMU","NE12","377685.89","996096.06875","996096.06875"
"20160904","Region Name: J & K","02","Rice-Raw","SRINAGAR","NE13","618410.17875","996096.06875","996096.06875"
"20160905","Region Name: J & K","02","Rice-Raw","JAMMU","NE12","368067.31","984387.05875","984387.05875"
"20160905","Region Name: J & K","02","Rice-Raw","SRINAGAR","NE13","616319.74875","984387.05875","984387.05875"
"20160906","Region Name: J & K","02","Rice-Raw","JAMMU","NE12","389779.13","1012024.46875","1012024.46875"
"20160906","Region Name: J & K","02","Rice-Raw","SRINAGAR","NE13","622245.33875","1012024.46875","1012024.46875"
"20160907","Region Name: J & K","02","Rice-Raw","JAMMU","NE12","404405.04","1029617.33875","1029617.33875"
"20160907","Region Name: J & K","02","Rice-Raw","SRINAGAR","NE13","625212.29875","1029617.33875","1029617.33875"
"20160908","Region Name: J & K","02","Rice-Raw","JAMMU","NE12","393441.62","1011432.03875","1011432.03875"
"20160908","Region Name: J & K","02","Rice-Raw","SRINAGAR","NE13","617990.41875","1011432.03875","1011432.03875"
"20160909","Region Name: J & K","02","Rice-Raw","JAMMU","NE12","416533.88","1038276.49875","1038276.49875"
"20160909","Region Name: J & K","02","Rice-Raw","SRINAGAR","NE13","621742.61875","1038276.49875","1038276.49875"
"20160910","Region Name: J & K","02","Rice-Raw","JAMMU","NE12","424455.19","1045543.12875","1045543.12875"
"20160910","Region Name: J & K","02","Rice-Raw","SRINAGAR","NE13","621087.93875","1045543.12875","1045543.12875"
"20160911","Region Name: J & K","02","Rice-Raw","JAMMU","NE12","424455.19","1044983.23875","1044983.23875"
"20160911","Region Name: J & K","02","Rice-Raw","SRINAGAR","NE13","620528.04875","1044983.23875","1044983.23875"
"20160912","Region Name: J & K","02","Rice-Raw","JAMMU","NE12","432590.54","1055747.15875","1055747.15875"
"20160912","Region Name: J & K","02","Rice-Raw","SRINAGAR","NE13","623156.61875","1055747.15875","1055747.15875"
"20160913","Region Name: J & K","02","Rice-Raw","JAMMU","NE12","433159.39","1056316.00875","1056316.00875"
"20160913","Region Name: J & K","02","Rice-Raw","SRINAGAR","NE13","623156.61875","1056316.00875","1056316.00875"
"20160914","Region Name: J & K","02","Rice-Raw","JAMMU","NE12","419731.45","1042341.43875","1042341.43875"
"20160914","Region Name: J & K","02","Rice-Raw","SRINAGAR","NE13","622609.98875","1042341.43875","1042341.43875"
"20160915","Region Name: J & K","02","Rice-Raw","JAMMU","NE12","416207.02","1038432.00875","1038432.00875"
"20160915","Region Name: J & K","02","Rice-Raw","SRINAGAR","NE13","622224.98875","1038432.00875","1038432.00875"
"20160916","Region Name: J & K","02","Rice-Raw","JAMMU","NE12","435575.08","1058140.03875","1058140.03875"
"20160916","Region Name: J & K","02","Rice-Raw","SRINAGAR","NE13","622564.95875","1058140.03875","1058140.03875"
"20160917","Region Name: J & K","02","Rice-Raw","JAMMU","NE12","425847.33","1050839.65725","1050839.65725"
"20160917","Region Name: J & K","02","Rice-Raw","SRINAGAR","NE13","624992.32725","1050839.65725","1050839.65725"
"20160918","Region Name: J & K","02","Rice-Raw","JAMMU","NE12","425847.33","1052857.15725","1052857.15725"
"20160918","Region Name: J & K","02","Rice-Raw","SRINAGAR","NE13","627009.82725","1052857.15725","1052857.15725"
"20160919","Region Name: J & K","02","Rice-Raw","JAMMU","NE12","444361.25","1070706.76725","1070706.76725"
"20160919","Region Name: J & K","02","Rice-Raw","SRINAGAR","NE13","626345.51725","1070706.76725","1070706.76725"
"20160920","Region Name: J & K","02","Rice-Raw","JAMMU","NE12","471515.98","1095312.05725","1095312.05725"
"20160920","Region Name: J & K","02","Rice-Raw","SRINAGAR","NE13","623796.07725","1095312.05725","1095312.05725"
"20160921","Region Name: J & K","02","Rice-Raw","JAMMU","NE12","477908.97","1100226.53725","1100226.53725"
"20160921","Region Name: J & K","02","Rice-Raw","SRINAGAR","NE13","622317.56725","1100226.53725","1100226.53725"
"20160922","Region Name: J & K","02","Rice-Raw","JAMMU","NE12","465148.63","1083717.00725","1083717.00725"
"20160922","Region Name: J & K","02","Rice-Raw","SRINAGAR","NE13","618568.37725","1083717.00725","1083717.00725"
"20160923","Region Name: J & K","02","Rice-Raw","JAMMU","NE12","444712.98","1065146.89725","1065146.89725"
"20160923","Region Name: J & K","02","Rice-Raw","SRINAGAR","NE13","620433.91725","1065146.89725","1065146.89725"
"20160924","Region Name: J & K","02","Rice-Raw","JAMMU","NE12","446609.52","1070287.21725","1070287.21725"
"20160924","Region Name: J & K","02","Rice-Raw","SRINAGAR","NE13","623677.69725","1070287.21725","1070287.21725"
"20160925","Region Name: J & K","02","Rice-Raw","JAMMU","NE12","446609.52","1065815.96725","1065815.96725"
"20160925","Region Name: J & K","02","Rice-Raw","SRINAGAR","NE13","619206.44725","1065815.96725","1065815.96725"
"20160926","Region Name: J & K","02","Rice-Raw","JAMMU","NE12","425612.13","1043234.53725","1043234.53725"
"20160926","Region Name: J & K","02","Rice-Raw","SRINAGAR","NE13","617622.40725","1043234.53725","1043234.53725"
"20160927","Region Name: J & K","02","Rice-Raw","JAMMU","NE12","434172.01","1054770.40725","1054770.40725"
"20160927","Region Name: J & K","02","Rice-Raw","SRINAGAR","NE13","620598.39725","1054770.40725","1054770.40725"
"20160928","Region Name: J & K","02","Rice-Raw","JAMMU","NE12","432370.5","1058070.09725","1058070.09725"
"20160928","Region Name: J & K","02","Rice-Raw","SRINAGAR","NE13","625699.59725","1058070.09725","1058070.09725"
"20160929","Region Name: J & K","02","Rice-Raw","JAMMU","NE12","438187.87","1066901.33725","1066901.33725"
"20160929","Region Name: J & K","02","Rice-Raw","SRINAGAR","NE13","628713.46725","1066901.33725","1066901.33725"
"20160930","Region Name: J & K","02","Rice-Raw","JAMMU","NE12","443307.59","1075396.24725","1075396.24725"
"20160930","Region Name: J & K","02","Rice-Raw","SRINAGAR","NE13","632088.65725","1075396.24725","1075396.24725"
"20161001","Region Name: J & K","02","Rice-Raw","JAMMU","NE12","454337.68","1086471.73725","1086471.73725"
"20161001","Region Name: J & K","02","Rice-Raw","SRINAGAR","NE13","632134.05725","1086471.73725","1086471.73725"
"20161002","Region Name: J & K","02","Rice-Raw","JAMMU","NE12","454337.68","1086653.02725","1086653.02725"
"20161002","Region Name: J & K","02","Rice-Raw","SRINAGAR","NE13","632315.34725","1086653.02725","1086653.02725"
"20161003","Region Name: J & K","02","Rice-Raw","JAMMU","NE12","439118.65","1072470.31725","1072470.31725"
"20161003","Region Name: J & K","02","Rice-Raw","SRINAGAR","NE13","633351.66725","1072470.31725","1072470.31725"
"20161004","Region Name: J & K","02","Rice-Raw","JAMMU","NE12","451847.4","1088358.62925","1088358.62925"
"20161004","Region Name: J & K","02","Rice-Raw","SRINAGAR","NE13","636511.22925","1088358.62925","1088358.62925"
"20161005","Region Name: J & K","02","Rice-Raw","JAMMU","NE12","437384.4","1077978.15925","1077978.15925"
"20161005","Region Name: J & K","02","Rice-Raw","SRINAGAR","NE13","640593.75925","1077978.15925","1077978.15925"
"20161006","Region Name: J & K","02","Rice-Raw","JAMMU","NE12","463141.1","1105593.65925","1105593.65925"
"20161006","Region Name: J & K","02","Rice-Raw","SRINAGAR","NE13","642452.55925","1105593.65925","1105593.65925"
"20161007","Region Name: J & K","02","Rice-Raw","JAMMU","NE12","444008.64","1088863.93925","1088863.93925"
"20161007","Region Name: J & K","02","Rice-Raw","SRINAGAR","NE13","644855.29925","1088863.93925","1088863.93925"
"20161008","Region Name: J & K","02","Rice-Raw","JAMMU","NE12","447948.09","1091287.01925","1091287.01925"
"20161008","Region Name: J & K","02","Rice-Raw","SRINAGAR","NE13","643338.92925","1091287.01925","1091287.01925"
"20161009","Region Name: J & K","02","Rice-Raw","JAMMU","NE12","447948.09","1091401.29925","1091401.29925"
"20161009","Region Name: J & K","02","Rice-Raw","SRINAGAR","NE13","643453.20925","1091401.29925","1091401.29925"
"20161010","Region Name: J & K","02","Rice-Raw","JAMMU","NE12","424545.42","1066585.49925","1066585.49925"
"20161010","Region Name: J & K","02","Rice-Raw","SRINAGAR","NE13","642040.07925","1066585.49925","1066585.49925"
"20161011","Region Name: J & K","02","Rice-Raw","JAMMU","NE12","433528.92","1078601.88925","1078601.88925"
"20161011","Region Name: J & K","02","Rice-Raw","SRINAGAR","NE13","645072.96925","1078601.88925","1078601.88925"
"20161012","Region Name: J & K","02","Rice-Raw","JAMMU","NE12","433528.92","1080176.76925","1080176.76925"
"20161012","Region Name: J & K","02","Rice-Raw","SRINAGAR","NE13","646647.84925","1080176.76925","1080176.76925"
"20161013","Region Name: J & K","02","Rice-Raw","JAMMU","NE12","418393.21","1069556.57925","1069556.57925"
"20161013","Region Name: J & K","02","Rice-Raw","SRINAGAR","NE13","651163.36925","1069556.57925","1069556.57925"
"20161014","Region Name: J & K","02","Rice-Raw","JAMMU","NE12","386699.41","1040146.84925","1040146.84925"
"20161014","Region Name: J & K","02","Rice-Raw","SRINAGAR","NE13","653447.43925","1040146.84925","1040146.84925"
"20161015","Region Name: J & K","02","Rice-Raw","JAMMU","NE12","367978.13","1021413.97925","1021413.97925"
"20161015","Region Name: J & K","02","Rice-Raw","SRINAGAR","NE13","653435.84925","1021413.97925","1021413.97925"
"20161016","Region Name: J & K","02","Rice-Raw","JAMMU","NE12","367978.13","1021595.63925","1021595.63925"
"20161016","Region Name: J & K","02","Rice-Raw","SRINAGAR","NE13","653617.50925","1021595.63925","1021595.63925"
"20161017","Region Name: J & K","02","Rice-Raw","JAMMU","NE12","381794.62","1034099.51925","1034099.51925"
"20161017","Region Name: J & K","02","Rice-Raw","SRINAGAR","NE13","652304.89925","1034099.51925","1034099.51925"
"20161018","Region Name: J & K","02","Rice-Raw","JAMMU","NE12","367370.14","1025737.19925","1025737.19925"
"20161018","Region Name: J & K","02","Rice-Raw","SRINAGAR","NE13","658367.05925","1025737.19925","1025737.19925"
"20161019","Region Name: J & K","02","Rice-Raw","JAMMU","NE12","379960.73","1044755.12925","1044755.12925"
"20161019","Region Name: J & K","02","Rice-Raw","SRINAGAR","NE13","664794.39925","1044755.12925","1044755.12925"
"20161020","Region Name: J & K","02","Rice-Raw","JAMMU","NE12","398765.35","1068400.70925","1068400.70925"
"20161020","Region Name: J & K","02","Rice-Raw","SRINAGAR","NE13","669635.35925","1068400.70925","1068400.70925"
"20161021","Region Name: J & K","02","Rice-Raw","JAMMU","NE12","375631.85","1055144.77925","1055144.77925"
"20161021","Region Name: J & K","02","Rice-Raw","SRINAGAR","NE13","679512.92925","1055144.77925","1055144.77925"
"20161022","Region Name: J & K","02","Rice-Raw","JAMMU","NE12","363767.57","1049233.45925","1049233.45925"
"20161022","Region Name: J & K","02","Rice-Raw","SRINAGAR","NE13","685465.88925","1049233.45925","1049233.45925"
"20161023","Region Name: J & K","02","Rice-Raw","JAMMU","NE12","363767.57","1056458.76925","1056458.76925"
"20161023","Region Name: J & K","02","Rice-Raw","SRINAGAR","NE13","692691.19925","1056458.76925","1056458.76925"
"20161024","Region Name: J & K","02","Rice-Raw","JAMMU","NE12","354400.42","1051786.54925","1051786.54925"
"20161024","Region Name: J & K","02","Rice-Raw","SRINAGAR","NE13","697386.12925","1051786.54925","1051786.54925"
"20161025","Region Name: J & K","02","Rice-Raw","JAMMU","NE12","346180.47","1052763.29925","1052763.29925"
"20161025","Region Name: J & K","02","Rice-Raw","SRINAGAR","NE13","706582.82925","1052763.29925","1052763.29925"
"20161026","Region Name: J & K","02","Rice-Raw","JAMMU","NE12","336697.95","1052353.52925","1052353.52925"
"20161026","Region Name: J & K","02","Rice-Raw","SRINAGAR","NE13","715655.57925","1052353.52925","1052353.52925"
"20161027","Region Name: J & K","02","Rice-Raw","JAMMU","NE12","359565.95","1079787.94925","1079787.94925"
"20161027","Region Name: J & K","02","Rice-Raw","SRINAGAR","NE13","720221.99925","1079787.94925","1079787.94925"
"20161028","Region Name: J & K","02","Rice-Raw","JAMMU","NE12","352594.27","1079173.74925","1079173.74925"
"20161028","Region Name: J & K","02","Rice-Raw","SRINAGAR","NE13","726579.47925","1079173.74925","1079173.74925"
"20161029","Region Name: J & K","02","Rice-Raw","JAMMU","NE12","341776.73","1068892.59925","1068892.59925"
"20161029","Region Name: J & K","02","Rice-Raw","SRINAGAR","NE13","727115.86925","1068892.59925","1068892.59925"
"20161030","Region Name: J & K","02","Rice-Raw","JAMMU","NE12","341775.42","1067629.49925","1067629.49925"
"20161030","Region Name: J & K","02","Rice-Raw","SRINAGAR","NE13","725854.07925","1067629.49925","1067629.49925"
"20161031","Region Name: J & K","02","Rice-Raw","JAMMU","NE12","341440.77","1069853.75225","1069853.75225"
"20161031","Region Name: J & K","02","Rice-Raw","SRINAGAR","NE13","728412.98225","1069853.75225","1069853.75225"
"20161101","Region Name: J & K","02","Rice-Raw","JAMMU","NE12","338074.55","1064970.49225","1064970.49225"
"20161101","Region Name: J & K","02","Rice-Raw","SRINAGAR","NE13","726895.94225","1064970.49225","1064970.49225"
"20161102","Region Name: J & K","02","Rice-Raw","JAMMU","NE12","347283.28","1071853.03225","1071853.03225"
"20161102","Region Name: J & K","02","Rice-Raw","SRINAGAR","NE13","724569.75225","1071853.03225","1071853.03225"
"20161103","Region Name: J & K","02","Rice-Raw","JAMMU","NE12","359791.59","1082893.15225","1082893.15225"
"20161103","Region Name: J & K","02","Rice-Raw","SRINAGAR","NE13","723101.56225","1082893.15225","1082893.15225"
"20161104","Region Name: J & K","02","Rice-Raw","JAMMU","NE12","380190.67","1103047.01225","1103047.01225"
"20161104","Region Name: J & K","02","Rice-Raw","SRINAGAR","NE13","722856.34225","1103047.01225","1103047.01225"
"20161105","Region Name: J & K","02","Rice-Raw","JAMMU","NE12","368553.05","1088368.06225","1088368.06225"
"20161105","Region Name: J & K","02","Rice-Raw","SRINAGAR","NE13","719815.01225","1088368.06225","1088368.06225"
"20161106","Region Name: J & K","02","Rice-Raw","JAMMU","NE12","368553.05","1088368.06225","1088368.06225"
"20161106","Region Name: J & K","02","Rice-Raw","SRINAGAR","NE13","719815.01225","1088368.06225","1088368.06225"
"20161107","Region Name: J & K","02","Rice-Raw","JAMMU","NE12","369041.86","1083275.96050","1083275.9605"
"20161107","Region Name: J & K","02","Rice-Raw","SRINAGAR","NE13","714234.1005","1083275.96050","1083275.9605"
"20161108","Region Name: J & K","02","Rice-Raw","JAMMU","NE12","351117.1","1057928.79050","1057928.7905"
"20161108","Region Name: J & K","02","Rice-Raw","SRINAGAR","NE13","706811.6905","1057928.79050","1057928.7905"
"20161109","Region Name: J & K","02","Rice-Raw","JAMMU","NE12","336204.74","1041887.27050","1041887.2705"
"20161109","Region Name: J & K","02","Rice-Raw","SRINAGAR","NE13","705682.5305","1041887.27050","1041887.2705"
"20161110","Region Name: J & K","02","Rice-Raw","JAMMU","NE12","318689.21","1021175.52050","1021175.5205"
"20161110","Region Name: J & K","02","Rice-Raw","SRINAGAR","NE13","702486.3105","1021175.52050","1021175.5205"
"20161111","Region Name: J & K","02","Rice-Raw","JAMMU","NE12","305015.47","1004577.87050","1004577.8705"
"20161111","Region Name: J & K","02","Rice-Raw","SRINAGAR","NE13","699562.4005","1004577.87050","1004577.8705"
"20161112","Region Name: J & K","02","Rice-Raw","JAMMU","NE12","316210.68","1014439.80050","1014439.8005"
"20161112","Region Name: J & K","02","Rice-Raw","SRINAGAR","NE13","698229.1205","1014439.80050","1014439.8005"
"20161113","Region Name: J & K","02","Rice-Raw","JAMMU","NE12","316210.68","1016587.06050","1016587.0605"
"20161113","Region Name: J & K","02","Rice-Raw","SRINAGAR","NE13","700376.3805","1016587.06050","1016587.0605"
"20161114","Region Name: J & K","02","Rice-Raw","JAMMU","NE12","313955.9","1012089.55050","1012089.5505"
"20161114","Region Name: J & K","02","Rice-Raw","SRINAGAR","NE13","698133.6505","1012089.55050","1012089.5505"
"20161115","Region Name: J & K","02","Rice-Raw","JAMMU","NE12","297228.51","991808.91450","991808.9145"
"20161115","Region Name: J & K","02","Rice-Raw","SRINAGAR","NE13","694580.4045","991808.91450","991808.9145"
"20161116","Region Name: J & K","02","Rice-Raw","JAMMU","NE12","283599.2","975673.58450","975673.5845"
"20161116","Region Name: J & K","02","Rice-Raw","SRINAGAR","NE13","692074.3845","975673.58450","975673.5845"
"20161117","Region Name: J & K","02","Rice-Raw","JAMMU","NE12","308975.6218","999001.60630","999001.6063"
"20161117","Region Name: J & K","02","Rice-Raw","SRINAGAR","NE13","690025.9845","999001.60630","999001.6063"
"20161118","Region Name: J & K","02","Rice-Raw","JAMMU","NE12","296429.1018","988272.82630","988272.8263"
"20161118","Region Name: J & K","02","Rice-Raw","SRINAGAR","NE13","691843.7245","988272.82630","988272.8263"
"20161119","Region Name: J & K","02","Rice-Raw","JAMMU","NE12","284199.48155","977992.21605","977992.21605"
"20161119","Region Name: J & K","02","Rice-Raw","SRINAGAR","NE13","693792.7345","977992.21605","977992.21605"
"20161120","Region Name: J & K","02","Rice-Raw","JAMMU","NE12","292442.78155","986231.04605","986231.04605"
"20161120","Region Name: J & K","02","Rice-Raw","SRINAGAR","NE13","693788.2645","986231.04605","986231.04605"
"20161121","Region Name: J & K","02","Rice-Raw","JAMMU","NE12","309268.02155","1003043.88605","1003043.88605"
"20161121","Region Name: J & K","02","Rice-Raw","SRINAGAR","NE13","693775.8645","1003043.88605","1003043.88605"
"20161122","Region Name: J & K","02","Rice-Raw","JAMMU","NE12","313451.49155","1007105.95605","1007105.95605"
"20161122","Region Name: J & K","02","Rice-Raw","SRINAGAR","NE13","693654.4645","1007105.95605","1007105.95605"
"20161123","Region Name: J & K","02","Rice-Raw","JAMMU","NE12","300675.6933","992127.36780","992127.3678"
"20161123","Region Name: J & K","02","Rice-Raw","SRINAGAR","NE13","691451.6745","992127.36780","992127.3678"
"20161124","Region Name: J & K","02","Rice-Raw","JAMMU","NE12","286254.23655","977763.26905","977763.26905"
"20161124","Region Name: J & K","02","Rice-Raw","SRINAGAR","NE13","691509.0325","977763.26905","977763.26905"
"20161125","Region Name: J & K","02","Rice-Raw","JAMMU","NE12","268169.82635","964486.85885","964486.85885"
"20161125","Region Name: J & K","02","Rice-Raw","SRINAGAR","NE13","696317.0325","964486.85885","964486.85885"
"20161126","Region Name: J & K","02","Rice-Raw","JAMMU","NE12","279242.51635","981470.16385","981470.16385"
"20161126","Region Name: J & K","02","Rice-Raw","SRINAGAR","NE13","702227.6475","981470.16385","981470.16385"
"20161127","Region Name: J & K","02","Rice-Raw","JAMMU","NE12","279242.51635","981470.16385","981470.16385"
"20161127","Region Name: J & K","02","Rice-Raw","SRINAGAR","NE13","702227.6475","981470.16385","981470.16385"
"20161128","Region Name: J & K","02","Rice-Raw","JAMMU","NE12","261228.94635","964391.65785","964391.65785"
"20161128","Region Name: J & K","02","Rice-Raw","SRINAGAR","NE13","703162.7115","964391.65785","964391.65785"
"20161129","Region Name: J & K","02","Rice-Raw","JAMMU","NE12","290763.87635","996823.10285","996823.10285"
"20161129","Region Name: J & K","02","Rice-Raw","SRINAGAR","NE13","706059.2265","996823.10285","996823.10285"
"20161130","Region Name: J & K","02","Rice-Raw","JAMMU","NE12","262313.26635","967850.29685","967850.29685"
"20161130","Region Name: J & K","02","Rice-Raw","SRINAGAR","NE13","705537.0305","967850.29685","967850.29685"
"20161201","Region Name: J & K","02","Rice-Raw","JAMMU","NE12","270753.51635","976543.89985","976543.89985"
"20161201","Region Name: J & K","02","Rice-Raw","SRINAGAR","NE13","705790.3835","976543.89985","976543.89985"
"20161202","Region Name: J & K","02","Rice-Raw","JAMMU","NE12","278607.97635","988768.19785","988768.19785"
"20161202","Region Name: J & K","02","Rice-Raw","SRINAGAR","NE13","710160.2215","988768.19785","988768.19785"
"20161203","Region Name: J & K","02","Rice-Raw","JAMMU","NE12","276639.88635","988942.23685","988942.23685"
"20161203","Region Name: J & K","02","Rice-Raw","SRINAGAR","NE13","712302.3505","988942.23685","988942.23685"
"20161204","Region Name: J & K","02","Rice-Raw","JAMMU","NE12","276388.28635","988023.63785","988023.63785"
"20161204","Region Name: J & K","02","Rice-Raw","SRINAGAR","NE13","711635.3515","988023.63785","988023.63785"
"20161205","Region Name: J & K","02","Rice-Raw","JAMMU","NE12","279651.95635","994532.55945","994532.55945"
"20161205","Region Name: J & K","02","Rice-Raw","SRINAGAR","NE13","714880.6031","994532.55945","994532.55945"
"20161206","Region Name: J & K","02","Rice-Raw","JAMMU","NE12","257509.47635","974597.85945","974597.85945"
"20161206","Region Name: J & K","02","Rice-Raw","SRINAGAR","NE13","717088.3831","974597.85945","974597.85945"
"20161207","Region Name: J & K","02","Rice-Raw","JAMMU","NE12","259470.87635","975997.96545","975997.96545"
"20161207","Region Name: J & K","02","Rice-Raw","SRINAGAR","NE13","716527.0891","975997.96545","975997.96545"
"20161208","Region Name: J & K","02","Rice-Raw","JAMMU","NE12","260202.53635","980318.29145","980318.29145"
"20161208","Region Name: J & K","02","Rice-Raw","SRINAGAR","NE13","720115.7551","980318.29145","980318.29145"
"20161209","Region Name: J & K","02","Rice-Raw","JAMMU","NE12","264167.31635","986992.71645","986992.71645"
"20161209","Region Name: J & K","02","Rice-Raw","SRINAGAR","NE13","722825.4001","986992.71645","986992.71645"
"20161210","Region Name: J & K","02","Rice-Raw","JAMMU","NE12","247956.70635","974780.14645","974780.14645"
"20161210","Region Name: J & K","02","Rice-Raw","SRINAGAR","NE13","726823.4401","974780.14645","974780.14645"
"20161211","Region Name: J & K","02","Rice-Raw","JAMMU","NE12","247956.70635","984523.25065","984523.25065"
"20161211","Region Name: J & K","02","Rice-Raw","SRINAGAR","NE13","736566.5443","984523.25065","984523.25065"
"20161212","Region Name: J & K","02","Rice-Raw","JAMMU","NE12","245978.11635","981953.36065","981953.36065"
"20161212","Region Name: J & K","02","Rice-Raw","SRINAGAR","NE13","735975.2443","981953.36065","981953.36065"
"20161213","Region Name: J & K","02","Rice-Raw","JAMMU","NE12","235128.01635","977609.55865","977609.55865"
"20161213","Region Name: J & K","02","Rice-Raw","SRINAGAR","NE13","742481.5423","977609.55865","977609.55865"
"20161214","Region Name: J & K","02","Rice-Raw","JAMMU","NE12","219586.31635","964304.95365","964304.95365"
"20161214","Region Name: J & K","02","Rice-Raw","SRINAGAR","NE13","744718.6373","964304.95365","964304.95365"
"20161215","Region Name: J & K","02","Rice-Raw","JAMMU","NE12","218460.13635","967738.85285","967738.85285"
"20161215","Region Name: J & K","02","Rice-Raw","SRINAGAR","NE13","749278.7165","967738.85285","967738.85285"
"20161216","Region Name: J & K","02","Rice-Raw","JAMMU","NE12","220938.24635","980237.24685","980237.24685"
"20161216","Region Name: J & K","02","Rice-Raw","SRINAGAR","NE13","759299.0005","980237.24685","980237.24685"
"20161217","Region Name: J & K","02","Rice-Raw","JAMMU","NE12","221235.16455","985067.52905","985067.52905"
"20161217","Region Name: J & K","02","Rice-Raw","SRINAGAR","NE13","763832.3645","985067.52905","985067.52905"
"20161218","Region Name: J & K","02","Rice-Raw","JAMMU","NE12","221235.16455","989851.31665","989851.31665"
"20161218","Region Name: J & K","02","Rice-Raw","SRINAGAR","NE13","768616.1521","989851.31665","989851.31665"
"20161219","Region Name: J & K","02","Rice-Raw","JAMMU","NE12","235139.92455","878628.61965","878628.61965"
"20161219","Region Name: J & K","02","Rice-Raw","SRINAGAR","NE13","643488.6951","878628.61965","878628.61965"
"20161220","Region Name: J & K","02","Rice-Raw","JAMMU","NE12","244042.50455","897263.06365","897263.06365"
"20161220","Region Name: J & K","02","Rice-Raw","SRINAGAR","NE13","653220.5591","897263.06365","897263.06365"
"20161221","Region Name: J & K","02","Rice-Raw","JAMMU","NE12","247814.849","908611.54810","908611.5481"
"20161221","Region Name: J & K","02","Rice-Raw","SRINAGAR","NE13","660796.6991","908611.54810","908611.5481"
"20161222","Region Name: J & K","02","Rice-Raw","JAMMU","NE12","249986.769","920913.34410","920913.3441"
"20161222","Region Name: J & K","02","Rice-Raw","SRINAGAR","NE13","670926.5751","920913.34410","920913.3441"
"20161223","Region Name: J & K","02","Rice-Raw","JAMMU","NE12","249504.739","926261.38110","926261.3811"
"20161223","Region Name: J & K","02","Rice-Raw","SRINAGAR","NE13","676756.6421","926261.38110","926261.3811"
"20161224","Region Name: J & K","02","Rice-Raw","JAMMU","NE12","225006.519","907516.10110","907516.1011"
"20161224","Region Name: J & K","02","Rice-Raw","SRINAGAR","NE13","682509.5821","907516.10110","907516.1011"
"20161225","Region Name: J & K","02","Rice-Raw","JAMMU","NE12","223508.459","723477.58470","723477.5847"
"20161225","Region Name: J & K","02","Rice-Raw","SRINAGAR","NE13","499969.1257","723477.58470","723477.5847"
"20161226","Region Name: J & K","02","Rice-Raw","JAMMU","NE12","224277.198","729469.08490","729469.0849"
"20161226","Region Name: J & K","02","Rice-Raw","SRINAGAR","NE13","505191.8869","729469.08490","729469.0849"
"20161227","Region Name: J & K","02","Rice-Raw","JAMMU","NE12","223896.408","737220.63190","737220.6319"
"20161227","Region Name: J & K","02","Rice-Raw","SRINAGAR","NE13","513324.2239","737220.63190","737220.6319"
"20161228","Region Name: J & K","02","Rice-Raw","JAMMU","NE12","245939.848","765326.97690","765326.9769"
"20161228","Region Name: J & K","02","Rice-Raw","SRINAGAR","NE13","519387.1289","765326.97690","765326.9769"
"20161229","Region Name: J & K","02","Rice-Raw","JAMMU","NE12","234768.958","760908.33990","760908.3399"
"20161229","Region Name: J & K","02","Rice-Raw","SRINAGAR","NE13","526139.3819","760908.33990","760908.3399"
"20161230","Region Name: J & K","02","Rice-Raw","JAMMU","NE12","263186.222","791538.65190","791538.6519"
"20161230","Region Name: J & K","02","Rice-Raw","SRINAGAR","NE13","528352.4299","791538.65190","791538.6519"
"20161231","Region Name: J & K","02","Rice-Raw","JAMMU","NE12","223188.722","756817.01490","756817.0149"
"20161231","Region Name: J & K","02","Rice-Raw","SRINAGAR","NE13","533628.2929","756817.01490","756817.0149"
